,Property_Type,address,Area_of_land,Bedrooms,Bathrooms,HouseSize,Advertiser,contact_num,Price
0,House,"Sudarshana Mawatha, Malabe",10,5,4,4300 sq.ft.,Harendra / Nimna,+94 777 070 666,"39,000,000"
1,House, , , , , , , ,"39,000,000"
2,House,Rajagiriya,20,4,3,4800 sq.ft.,ACQUEST,+94 774 441 266,"150,000,000"
3,House,Battaramulla,18,4,3,5000 sq.ft.,Samson,+94 775 085 544,"70,000,000"
4,House,Pita Kotte,10,4,5,4000 sq.ft.,Exclusive Realtors,+94 776 396 655,"58,000,000"
5,House,Pelawatte,40,5,4,3500 sq.ft.,Exclusive Realtors,+94 776 396 655,"150,000,000"
6,House,"Welisara, Kandana, Nagoda",10,4,2,2 Car parking spaces,Mr.Shafraz,+94 712 980 558,"18,500,000"
7,House,"Lower Dickson Road, Galle",8.52,3,2,2240 sq.ft.,Devon / Sasindu,+94 713 756 049,"45,000,000"
8,House,"Melder Place, Nugegoda",6,3,3,2357 sq.ft.,Devon / Sasindu,+94 713 756 049,"46,200,000"
9,House,Dalugama,6.25,3,3,1900 sq.ft.,Devon / Sasindu,+94 713 756 049,"30,300,000"
10,House,"Malabe Road, Kottawa",6.25,3,3,1383 sq.ft.,Prime Group,+94 713 756 049,"19,400,000"
11,House,"Ganemulla 2nd Lane, Kandana.",19.15,4,2,2165 sq.ft.,Mrs. Weerasinghe,+41 795 959 667,"17,500,000"
12,House,Kadawatha,18,3,2,1502 sq.ft.,Chetiya,+94 769 108 664,"12,500,000"
13,House,"Pelawatta, Pelawatte",11,5+,6,5000 sq.ft.,First Property Management & Assets ( Pvt,+94 714 000 888,"165,000,000"
14,House,Piliyandala,23.17,4,3,3470 sq.ft.,Anil,+94 774 952 651,"29,500,000"
15,House,"Polwatta Road, Pannipitiya",29,5+,7,4536 sq.ft.,,+94 117 990 330,"54,000,000"
16,House,"Near Attidiya Rd, Dehiwala",16.72,5,4,3900 sq.ft.,Kumara pitigala,+94 760 300 600,"45,000,000"
17,House,"wijerama, Nugegoda",12.2,5,4,3800 sq.ft.,chathuranga,+94 719 091 099,"65,000,000"
18,House,"Mission Road,Pita Kotte",11.8,5,3,4000 sq.ft.,Reach Real Estate Sri Lanka,+94 772 525 457,"53,000,000"
19,House,"Robert Gunawardena Mawatha, Battaramulla",20,4,3,4455 sq.ft.,Straight Sale (Pvt) Ltd,+94 775 300 048,"58,500,000"
20,House,"DALUPOTHA NEGOMBO, Negombo",10,4,3,2800 sq.ft.,R M A PAUL,+94 764 871 907,"25,000,000"
21,House,"DALUPOTHA NEGOMBO, Negombo",10,3,2,2000 sq.ft.,R M A PAUL,+94 764 871 907,"19,500,000"
22,House,"Maeliya, Ja-Ela",16.5,5,2,3800 sq.ft.,Prabu,+94 767 609 595,"37,000,000"
23,House,Negombo,71,3,2,3 Car parking spaces,Rukshan Goonewardene,+94 777 270 887,"80,000,000"
24,House,Malabe,10.12,4,4,2675 sq.ft.,Mister T,+94 764 157 736,"49,500,000"
25,House,Madiwela,7.68,4,4,3200 sq.ft.,Mr. Pasqual,+94 773 637 424,"52,500,000"
26,House, , , , , , , ,"52,500,000"
27,House,Wattala,8.5,3,3,3700 sq.ft.,Mister T,+94 773 252 566,"35,000,000"
28,House,"Corea Mawatha, Thalawathugoda",37,4,4,4500 sq.ft.,Shasta Blue,+94 788 700 800,"68,000,000"
29,House,"G H Perera Mawatha , Rattanapitiya",17,3,3,2 Car parking spaces,Niranjan Fernando,+94 777 325 106,"20,000,000"
30,House,Makuluduwa,97,4,4,5000 sq.ft.,Chintha Danansooriya,+94 777 362 600,"130,000,000"
31,House,Mount Lavinia,6,3,2,3300 sq.ft.,Rivindu Abeytissa,+94 775 928 089,"38,000,000"
32,House,"Stratford Terrace, Kirillapone, Colombo 5",11.70,5,4,2800 sq.ft.,,+94 774 239 656,"123,000,000"
33,House,"Temple Road, Maharagama",7,4,2,2300 sq.ft.,Dinesh Perera,+94 071 329 339,"40,000,000"
34,House,"Sri Lanka, Nagoda, Aniyakanda, Kandana",perches,5,3,2500 sq.ft.,Susantha wickramasingh,+94 714 034 903,"14,800,000"
35,House,"Koswaththa Road, Nawala",7.4,5,6,5200 sq.ft.,Sethmina Real Estate,+94 775 593 199,"95,000,000"
36,House,"Pelawatte, Battaramulla",12,4,4,3000 sq.ft.,Sethmina Real Estate,+94 767 293 199,"70,000,000"
37,House,"Isipathana Mawatha, Colombo 5",12,5,4,4000 sq.ft.,Sethmina Real Estate,+94 767 293 199,"125,000,000"
38,House,"Madewalikada Road, Rajagiriya",15,5+,6,5000 sq.ft.,Sethmina Real Estate,+94 767 293 199,"95,000,000"
39,House,"Siriparakum Mawatha, Angoda",15,4,3,3200 sq.ft.,A. Hettige,+94 760 211 980,"56,000,000"
40,House,"Koswatte Road, Nawala",10.5,3,4,3300 sq.ft.,annesley de silva,+94 759 872 136,"125,000,000"
41,House,Battaramulla,30,5,5,5000 sq.ft.,T&S Capital,+94 766 787 070,"190,000,000"
42,House,"Depanama, Pannipitiya",11,4,4,5000 sq.ft.,T&S Capital,+94 766 787 070,"55,000,000"
43,House,"Madiwela RD, Pita Kotte",20,3,2,2000 sq.ft.,Sethmina Real Estate,+94 767 293 199,"55,000,000"
44,House,"Pita kotte, Pita Kotte",7.68,4,4,3600 sq.ft.,Chandika,+94 777 582 323,"52,500,000"
45,House,Matara,34,5+,7,3500 sq.ft.,Priyal Gunasekara,+94 777 330 154,"35,000,000"
46,House, , , , , , , ,"35,000,000"
47,House,"Kahanthota Thunadahena Road, Malabe",11.5,4,4,2700 sq.ft.,Sarath Samarathunga,+94 777 217 360,"26,500,000"
48,House,Colombo 8,38,4,3,5 Car parking spaces,ACQUEST,+94 779 090 600,"304,000,000"
49,House,"Thalawathugod Rd, Hokandara., Thalawathugoda",7.3,4,4,2300 sq.ft.,Sarath Samarathunga,+94 777 217 360,"20,000,000"
50,House,"Kalalgoda Road, Thalawathugoda.",12.5,5+,4,4000 sq.ft.,Sarath Samarathunga,+94 777 217 360,"44,000,000"
51,House,Thalawathugoda,11,5+,4,3500 sq.ft.,Sarath Samarathunga,+94 777 217 360,"38,500,000"
52,House,"Kahanthota Road, Malabe",7,4,4,2450 sq.ft.,Sarath Samarathunga,+94 777 217 360,"21,000,000"
53,House, , , , , , , ,"21,000,000"
54,House,Kottawa,10,2,3,2800 sq.ft.,Sarath Samarathunga,+94 777 217 360,"27,500,000"
55,House,600 M to Kottawa,8.2,4,4,3600 sq.ft.,Sarath Samarathunga,+94 777 217 360,"32,000,000"
56,House,"Wanaguru Mw, Arangala, Malabe",19,3,3,1900 sq.ft.,Sarath Samarathunga,+94 777 217 360,"27,000,000"
57,House,"Talawathugoda Rd, Hokandara, Thalawathugoda",10,4,4,1538 sq.ft.,Sarath Samarathunga,+94 777 217 360,"19,500,000"
58,House,"M D H Jayawardane Mawatha, , Athurugiriya",8.7,4,3,4 Car parking spaces,Sarath Samarathunga,+94 777 217 360,"27,500,000"
59,House,Godigamuwa,31,4,2,3000 sq.ft.,Mr.Sagara,+94 772 529 292,"5,600,000"
60,House,"Kaluwarippuwa - West, Katana",40,3,1,1100 sq.ft.,Mr.Sagara,+94 772 529 292,"6,200,000"
61,House,"M D H Jayawardane Mw, Athurugiriya.",11.5,4,4,2450 sq.ft.,Sarath Samarathunga,+94 777 217 360,"24,500,000"
62,House,"Talawatugoda, Hokandara, Wanaguru Mw , Thalawathugoda",8,3,2,2400 sq.ft.,Sarath Samarathunga,+94 777 217 360,"22,500,000"
63,House, , , , , , , ,"22,500,000"
64,House,"Uthuwankanda Rd, Thalawathugoda",20,5,4,3500 sq.ft.,Sarath Samarathunga,+94 777 217 360,"55,000,000"
65,House,"Horana Road,, Kottawa",8.5,4,4,2500 sq.ft.,Sarath Samarathunga,+94 777 217 360,"28,000,000"
66,House, , , , , , , ,"28,000,000"
67,House, , , , , , , ,"28,000,000"
68,House,Nugegoda,20.8,5+,5,4794 sq.ft.,Rivindu Abeytissa,+94 775 928 089,"70,000,000"
69,House,Pita Kotte,11.2,4,3,4500 sq.ft.,Rivindu Abeytissa,+94 775 928 089,"59,000,000"
70,House,Mount Lavinia,6.20,5,4,4300 sq.ft.,Rivindu Abeytissa,+94 775 928 089,"34,000,000"
71,House,"Hunupitiya road , Wattala",10.9,3,2,3 Car parking spaces,Priya darshani,+94 777 379 875,"17,500,000"
72,House,Panadura,19,4,:,2 Car parking spaces,Bimsara Gamage,+94 777 800 606,"26,000,000"
73,House, , , , , , , ,"26,000,000"
74,House,"Dankotuwa Road, Negombo",3,2,2,1700 sq.ft.,Panduka,+94 779 445 428,"10,000,000"
75,House,"Kattuwa, Negombo",5,3,1,1152 sq.ft.,Mr.Sagara,+94 772 529 292,"6,250,000"
76,House,"Weediyawatta, Minuwangoda",27,2,1,1000 sq.ft.,Mr.Sagara,+94 772 529 292,"9,800,000"
77,House,"Medawelikada Road, Rajagiriya",6,3,3,2 Car parking spaces,Senanayake,+94 773 411 335,"36,000,000"
78,House, , , , , , , ,"36,000,000"
79,House,Mount Lavinia,16.38,4,4,2 Car parking spaces,Nuwaxn Properties,+94 701 053 624,"70,000,000"
80,House,Thalawathugoda,16,5,7,7500 sq.ft.,ACQUEST,+94 774 441 266,"120,000,000"
81,House, , , , , , , ,"120,000,000"
82,House,Colombo 5,26,4,4,3000 sq.ft.,ACQUEST,+94 779 090 600,"286,000,000"
83,House, , , , , , , ,"286,000,000"
84,House,Colombo 7,16.9,4,3,2700 sq.ft.,ACQUEST,+94 779 090 600,"350,000,000"
85,House,Colombo 7,19,3,3,4400 sq.ft.,ACQUEST,+94 779 090 600,"290,000,000"
86,House, , , , , , , ,"290,000,000"
87,House,"Church Road, Gampaha",5,4,2,1500 sq.ft.,Priyantha,+94 332 230 518,"17,500,000"
88,House,"Jayanthipur , Battaramulla",23,5,5,4000 sq.ft.,Hardy James - Estate Agency,+94 717 111 777,"97,000,000"
89,House, , , , , , , ,"97,000,000"
90,House, , , , , , , ,"97,000,000"
91,House,"Kalalgoda, Thalawathugoda",6.6,4,of,2 Car parking spaces,Bimsara Gamage,+94 777 800 606,"35,000,000"
92,House,"Robert Gunawardena Mawatha, Battaramulla",43,5,3,4012 sq.ft.,Hardy James - Estate Agency,+94 717 111 777,"120,000,000"
93,House,"Hunupitiya road , Wattala",6,4,2,2 Car parking spaces,Priya darshani,+94 777 379 875,"4,500,000"
94,House, , , , , , , ,"4,500,000"
95,House,Battaramulla,20,4,4,7139 sq.ft.,Trewin Fernando,+94 775 990 539,"130,000,000"
96,House,Kegalle,253,5,3,3500 sq.ft.,,+94 777 703 748,"50,000,000"
97,House,"7A, 2nd Lane, Medawelikada, Rajagiriya",6.05,3,3,2 Car parking spaces,Fahad Mowlana,+94 773 504 459,"35,000,000"
98,House,"Hunumulla, Marandagahamula., Maradagahmula",10,2,1,1500 sq.ft.,Mr.Sagara,+94 772 529 292,"3,400,000"
99,House,Demanhandiya,19.9,3,1,1000 sq.ft.,Mr.Sagara,+94 772 529 292,"8,000,000"
100,House,Kurana,20,4,1,2500 sq.ft.,Mr. Tony,+94 772 129 292,"22,000,000"
101,House,"Kadawala, Katana.",20,5+,2,4000 sq.ft.,Mr.Sagara,+94 772 529 292,"12,500,000"
102,House,Kimbulapitiya,14,5+,2,4000 sq.ft.,Mr.Sagara,+94 772 529 292,"10,000,000"
103,House,"Ranwimana, Kimbulapitiya",16.5,1,1,750 sq.ft.,Mr. Tony,+94 772 129 292,"5,500,000"
104,House,"Nedurupitiya , Kandana",10.6,4,2,1895 sq.ft.,Mr.Viraj,+94 775 834 341,"21,500,000"
105,House,"Kandy Road, Tennekumbura",7.5,2,3,1200 sq.ft.,Shakya Singhe Real Estate (Pvt) Ltd,+94 706 777 767,"28,000,888"
106,House,"Swashakthigama, Digana",15,3,1,1978 sq.ft.,Shakya Singhe Real Estate (Pvt)Ltd,+94 762 211 609,"11,500,888"
107,House, , , , , , , ,"11,500,888"
108,House,"Stanley Thilakarathne Mw, Nugegoda",20,4,3,3500 sq.ft.,Rohanthi,+94 773 597 765,"175,000,000"
109,House,"Jambugaspitiya , Kandy",65,4,2,3000 sq.ft.,Kandy property sales,+94 777 770 431,"34,500,000"
110,House,"Patma Road, Kapuwatta",11.5,2,1,2 Car parking spaces,Morin,+94 779 166 134,"8,000,000"
111,House,"Pelawatte, Battaramulla",27,5,3,6000 sq.ft.,Colombo Ventures,+94 741 780 955,"120,000,000"
112,House,Colombo 5,20,4,4,4700 sq.ft.,Colombo Ventures,+94 741 780 955,advertiser
113,House,"Dalupotha , Negombo",10,3,3,1400 sq.ft.,Mrs Rajapakse,+94 763 520 000,"13,000,000"
114,House,"Poruthota road , Negombo",9.15,5+,6,2900 sq.ft.,Mrs Rajapakse,+94 763 520 000,"55,000,000"
115,House,"Dalupotha road , Negombo",10,3,3,1500 sq.ft.,Mrs Rajapakse,+94 763 520 000,"14,500,000"
116,House,"Lewis place, Negombo",60,5+,6,3500 sq.ft.,Mrs. Rajapakse,+94 763 520 000,"120,000,000"
117,House,"Daluptha, Negombo",10,3,2,1600 sq.ft.,Mrs rajapakse,+94 763 520 000,"18,000,000"
118,House,Thalawathugoda,13,4,3,3500 sq.ft.,Supeshala,+94 763 178 484,"70,000,000"
119,House,Boralesgamuwa,9.25,3,1,2000 sq.ft.,Supeshala,+94 763 178 484,"23,000,000"
120,House,Pannipitiya,20,3,2,4000 sq.ft.,Supeshala,+94 763 178 484,"23,000,000"
121,House,Kohuwala,12.5,4,4,7000 sq.ft.,,+94 773 268 427,"55,000,000"
122,House,Thalawathugoda,21,3,1,2500 sq.ft.,Supeshala,+94 763 178 484,"49,000,000"
123,House,Boralesgamuwa,6,4,3,3100 sq.ft.,Supeshala,+94 763 178 484,"31,000,000"
124,House,Athurugiriya close to millenium city,6,3,3,1200 sq.ft.,Priyantha,+94 711 335 043,"12,000,000"
125,House,Athurugiriya close to millenium city,8,4,3,2500 sq.ft.,Priyantha,+94 711 335 043,"16,000,000"
126,House,"Kalagedihena sapugasthanna road, Gampaha",12.5,3,2,1350 sq.ft.,Priyantha,+94 711 335 043,"6,000,000"
127,House, , , , , , , ,"6,000,000"
128,House,"Araliya Uyana Depanama , Pannipitiya",20,5,3,3 Car parking spaces,Senanayake,+94 773 411 335,"75,000,000"
129,House,"wijerama,dewananda road, Nugegoda",8.5,3,2,2200 sq.ft.,chathuranga,+94 719 091 099,"27,500,000"
130,House,"school lane, Nawala",9.8,3,5,4000 sq.ft.,Jiffry,+94 777 674 422,"75,000,000"
131,House,"Parliament Road, Pelawatte",7,5,3,3500 sq.ft.,First Property Management & Assets ( Pvt,+94 714 000 888,"55,000,000"
132,House,Malabe,10,5,4,4000 sq.ft.,Manoj Serasinghe,+94 777 720 453,"55,000,000"
133,House,"VIJABA MAWATHA, Malabe",10,3,3,900 sq.ft.,Pushpa Kumara,+94 777 489 990,"24,000,000"
134,House,"PELAWATHTHA, Battaramulla",6,3,3,1750 sq.ft.,Pushpa Kumara,+94 777 489 990,"35,000,000"
135,House,"PELAWATHTHA, Battaramulla",6,5,4,2000 sq.ft.,Pushpa Kumara,+94 777 489 990,"55,000,000"
136,House,"Hill Street , Dehiwala",12,5+,14,8600 sq.ft.,First Property Management & Assets ( Pvt,+94 714 000 888,"150,000,000"
137,House,Pita Kotte,14.70,5+,4,4000 sq.ft.,Yohan Weerasingha,+94 774 800 623,"45,000,000"
138,House,"Thalawathugoda Road, Sri Jayawardanapura Kotte, Pita Kotte",31,4,4,6000 sq.ft.,First Property Management & Assets ( Pvt,+94 714 000 888,"90,000,000"
139,House,"Battaramulla Road, Thalahena",15,5,5,4200 sq.ft.,First Property Management & Assets ( Pvt,+94 714 000 888,"45,000,000"
140,House,"Rajagiriya Road, Nawala",10,4,3,4000 sq.ft.,First Property Management & Assets ( Pvt,+94 714 000 888,"85,000,000"
141,House,"Pelawatta road, Thalawathugoda, Pelawatte",21,5,3,2500 sq.ft.,First Property Management & Assets ( Pvt,+94 714 000 888,"85,000,000"
142,House, , , , , , , ,"85,000,000"
143,House,Galle,26.6,3,2,3 Car parking spaces,Mister T,+94 764 157 736,"17,500,000"
144,House,"Park Road, Colombo 5",17.5,5+,5,4 Car parking spaces,Owners,+94 716 357 240,"288,000,000"
145,House,Thalawathugoda,11,3,4,4500 sq.ft.,,+94 718 673 953,advertiser
146,House, , , , , , , ,advertiser
147,House, , , , , , , ,advertiser
148,House,"Makilangamuwa, Ganemulla",32,4,2,3400 sq.ft.,Ranatunga,+94 773 951 560,"32,500,000"
149,House,"Jayanthipura, Battaramulla",15,5,5,6 Car parking spaces,Nelum,+94 773 824 177,"60,000,000"
150,House,Kandana,23,5+,3,3000 sq.ft.,Rukshan Goonewardene,+94 777 270 887,"22,000,000"
151,House,"horana - coiombo bus road (120), Gonapola",12,2,1,1100 sq.ft.,lalith,+94 777 120 750,"7,000,000"
152,House,Moratuwa,9.1,5+,5,4000 sq.ft.,Rukshan Goonewardene,+94 777 270 887,"44,000,000"
153,House,"Pagoda Road, Nugegoda",10.2,5,3,3800 sq.ft.,Shali,+94 777 129 393,"65,000,000"
154,House,Badalgama,60,3,1,1300 sq.ft.,Mr.Sagara,+94 772 529 292,"19,000,000"
155,House,Katunayake,34.5,5,2,2000 sq.ft.,Mr.Sagara,+94 772 529 292,"40,000,000"
156,House,Wennappuwa,25,4,2,3500 sq.ft.,Mr.Sagara,+94 772 529 292,"20,000,000"
157,House,Kochchikade,13.5,4,4,2000 sq.ft.,Mr.Sagara,+94 772 529 292,"28,000,000"
158,House, , , , , , , ,"28,000,000"
159,House, , , , , , , ,"28,000,000"
160,House, , , , , , , ,"28,000,000"
161,House, , , , , , , ,"28,000,000"
162,House, , , , , , , ,"28,000,000"
163,House, , , , , , , ,"28,000,000"
164,House,"Kudapaduwa, Negombo",17.5,2,4,1200 sq.ft.,Mr.Sagara,+94 772 529 292,"21,500,000"
165,House,"Kimbulapitiya, Negombo",16.75,3,2,1750 sq.ft.,Mr.Sagara,+94 772 529 292,"10,000,000"
166,House,"Kurana, Katunayake",9.9,1,1,600 sq.ft.,Mr.Sagara,+94 772 529 292,"6,300,000"
167,House,"Miriswatta, Negombo",15.0,2,1,1500 sq.ft.,Mr.Sagara,+94 772 529 292,"7,500,000"
168,House,"Kandawala, Katana",30,2,1,800 sq.ft.,Mr.Sagara,+94 772 529 292,"29,750,000"
169,House,Demanhandiya,14.0,2,1,600 sq.ft.,Mr.Sagara,+94 772 529 292,"4,800,000"
170,House,Kandy,12.5,5,5,4500 sq.ft.,,+94 771 442 323,"85,000,000"
171,House,Demanhandiya,36.4,2,1,1000 sq.ft.,Mr.Sagara,+94 772 529 292,"11,500,000"
172,House,"Bomugammana, Divulapitiya",14.5,3,1,1500 sq.ft.,Mr.Sagara,+94 772 529 292,"5,500,000"
173,House,Kimbulapitiya,15,3,1,1000 sq.ft.,Mr.Sagara,+94 772 529 292,"5,000,000"
174,House,Malabe,8,4,3,2200 sq.ft.,Reach Real Estate,+94 772 525 457,"25,000,000"
175,House,Nawinna,10.6,4,3,4100 sq.ft.,Reach Real Estate Sri Lanka,+94 772 525 457,"58,500,000"
176,House,"Off Havelock road, Colombo 6",15,4,3,3000 sq.ft.,Reach Real Estate Sri Lanka,+94 772 525 457,"107,000,000"
177,House,"CT Gardens, Piliyandala",16,3,3,2000 sq.ft.,Reach Real Estate Sri Lanka,+94 772 525 457,"34,000,000"
178,House,"Balagolla Housing Scheme, Kengalla",40,4,2,3250 sq.ft.,Rodrigo Realtors (Pvt) Ltd,+94 775 255 101,"20,000,000"
179,House,"Lake View Drive, Colombo 5",10,4,4,3500 sq.ft.,Noor Consultants,+94 772 369 947,"97,000,000"
180,House,Galle,6.5,3,Available,Age of Building 25 + years,MENAVID PVT LTD.,+94 777 881 646,advertiser
181,House,Battaramulla,38.4,5,4,6600 sq.ft.,Exclusive Realtors,+94 776 396 655,"160,000,000"
182,House,Thalawathugoda. kumaragewaththa rd,7,4,4,3300 sq.ft.,DREAM HOMES REAL ESTATE(PVT)LIMITED,+94 775 696 063,"38,500,000"
183,House,Pelawatte,7.4,4,3,3200 sq.ft.,Exclusive Realtors,+94 776 396 655,"38,500,000"
184,House,Thalawathugoda,30,5,6,10300 sq.ft.,,+94 776 396 655,"260,000,000"
185,House,Battaramulla,30,4,3,3700 sq.ft.,Exclusive Realtors,+94 776 396 655,"90,000,000"
186,House,Thalawathugoda. Hokandara rd vidyaloka mwt.,11,5,4,3800 sq.ft.,DREAM HOMES REAL ESTATE(PVT)LIMITED,+94 775 696 063,"45,000,000"
187,House,"VIDYALOKA MAWATHA, Thalawathugoda",17,5,5,5500 sq.ft.,DREAM HOMES REAL ESTATE(PVT)LIMITED,+94 775 696 063,"100,000,000"
188,House,"Hokandara rd. , Thalawathugoda",16,5,5,6000 sq.ft.,DREAM HOMES REAL ESTATE(PVT)LIMITED,+94 775 696 063,"120,000,000"
189,House,"Bollatha, Ganemulla, Gampaha",10.1,4,2,2400 sq.ft.,Ranatunga,+94 773 951 560,"17,000,000"
190,House,"thalawathugoda lake rd, Thalawathugoda",15,4,4,3000 sq.ft.,DREAM HOMES REAL ESTATE(PVT)LIMITED,+94 775 696 063,"52,500,000"
191,House,"Anniwatta, Kandy",51,5+,4,6 Car parking spaces,Krishantha,+94 777 778 130,"70,000,000"
192,House, , , , , , , ,"70,000,000"
193,House, , , , , , , ,"70,000,000"
194,House, , , , , , , ,"70,000,000"
195,House,Kotugoda,22,4,2,3000 sq.ft.,Mr.Sagara,+94 772 529 292,"11,000,000"
196,House,Katana,12.5,2,1,700 sq.ft.,Mr Sagara,+94 772 529 292,"4,500,000"
197,House,"Pitipana, Homagama",31,4,2,2700 sq.ft.,Matarage Real Estate (Pvt) Ltd,+94 777 703 748,"19,000,000"
198,House,"Rukmalgama, Kottawa",7,4,3,1950 sq.ft.,Matarage Real Estate (Pvt) Ltd,+94 777 703 748,"18,500,000"
199,House,"Opal Residencies , Malabe",6.30,4,3,2750 sq.ft.,Matarage Real Estate (Pvt) Ltd,+94 777 703 748,"27,000,000"
200,House,"Marawilla , Abayapura",240,4,4,3000 sq.ft.,Annesley de Silva,+94 759 872 136,"32,000,000"
201,House,Handapangod Road Horana,50,3,4,4000  sq.ft.,Annesley de Silva,+94 759 872 136,"19,000,000"
202,House, , , , , , , ,"19,000,000"
203,House,"Katukurunduwatte, Pannipitiya",8,4,3,2500 sq.ft.,,+94 777 336 375,"28,000,000"
204,House,"Vijerama Road, Nugegoda",12,5,5,4500 sq.ft.,Dilan,+94 777 336 375,"65,000,000"
205,House,"Kumaragewatte , Pelawatte",7.5,4,4,3200 sq.ft.,Dilan,+94 777 336 375,"38,500,000"
206,House,"Newton Senavirathne Mawatha, Boralesgamuwa",8,4,3,2500 sq.ft.,Lalin Mendis,+94 777 335 070,"36,000,000"
207,House,"Karawanella - Warakapola road , Ruwanwella",40,5,2,Age of Building 5 + years,Ravi Sampath,+94 763 883 372,"12,000,000"
208,House,"pragathi mawatta, Angoda",7.8,5,2,2500 sq.ft.,priyankara,+94 772 658 292,"21,500,000"
209,House,"Kottawa Road, Pelawatte",17.2,4,4,3200 sq.ft.,First Property Management & Assets ( Pvt,+94 714 000 888,"55,000,000"
210,House,"Athurugiriya road, Malabe",21,5+,4,5000 sq.ft.,First Property Management & Assets ( Pvt,+94 714 000 888,"67,000,000"
211,House,"Kalubowila, Dehiwala",12,5+,4,4 Car parking spaces,Rodrigo Realtors (Pvt) Ltd,+94 775 255 101,"85,000,000"
212,House,"Mirihana, Nugegoda",21.5,5,3,4850 sq.ft.,Rodrigo Realtors (Pvt) Ltd,+94 775 255 101,"90,000,000"
213,House, , , , , , , ,"90,000,000"
214,House, , , , , , , ,"90,000,000"
215,House, , , , , , , ,"90,000,000"
216,House,"Thalahena, Malabe",15,5,5,4200 sq.ft.,Rodrigo Realtors (Pvt) Ltd,+94 775 255 101,"45,000,000"
217,House,Panadura,10,3,1,2100 sq.ft.,Kosala,+94 729 729 600,"7,500,000"
218,House,"enderamulla, Wattala",9.33,2,1,1500 sq.ft.,Mister T,+94 763 257 736,"18,000,000"
219,House, , , , , , , ,"18,000,000"
220,House,"Kurana, Negombo",20,5+,7,3000 sq.ft.,Mr.Sagara,+94 772 529 292,"29,500,000"
221,House,"Kawdana , Dehiwala",7,5+,5,2000 sq.ft.,Stanmore,+94 771 238 583,"39,000,000"
222,House,Nugegoda,21.5,4,3,Age of Building 15 + years,My Kind of Space,+94 779 285 955,"110,000,000"
223,House,Kottawa,8.35,5,3,3000 sq.ft.,My Kind of Space,+94 779 285 955,"25,500,000"
224,House,"Old Kandy Road,Dalugama,Kalaniya., Kiribathgoda",21,3,2,1800 sq.ft.,Gamini Kuruppu,+94 771 067 733,"40,000,000"
225,House,"Old Kandy Road,Dalugama,Kalaniya., Kiribathgoda",43,5,2,5200 sq.ft.,Gamini Kuruppu,+94 777 636 990,"45,000,000"
226,House, , , , , , , ,"45,000,000"
227,House, , , , , , , ,"45,000,000"
228,House,Wattala,10,4,4,2 Car parking spaces,Mister T,+94 763 257 736,"32,000,000"
229,House,"no.287/A,udammita,ja-ela, Ja-Ela(udammita)",20,3,1,1600 sq.ft.,ishan akalanka akalanka,+94 750 798 788,advertiser
230,House,Thalawathuhenpita,21,4,4,2700 sq.ft.,Viji,+94 778 827 017,"48,500,000"
231,House, , , , , , , ,"48,500,000"
232,House,"off Cotta Road, Colombo 8",50,4,3,4000 sq.ft.,,+94 777 435 904,"375,000,000"
233,House, , , , , , , ,"375,000,000"
234,House,"Korasa junction , Gampaha",19,3,1,1700 sq.ft.,Lasantha,+94 777 422 823,"6,300,000"
235,House,"NEDIMALA, Dehiwala",10,4,3,4000 sq.ft.,Pushpa Kumara,+94 777 489 990,"45,000,000"
236,House,Colombo 8,23.4,4,4,3549  sq.ft.,Owner,+44 782 531 385,advertiser
237,House, , , , , , , ,advertiser
238,House,"Gangarama Road, Boralesgamuwa",14.6,5,3,2911 sq.ft.,Lochana Silva,+94 777 311 099,"29,000,000"
239,House,Ja-Ela,20,5,3,5800 sq.ft.,Ranatunga,+94 773 951 560,"54,000,000"
240,House,"pepiliyana road, Dehiwala",8.5,4,4,4400 sq.ft.,Owner,+94 775 655 544,"50,000,000"
241,House, , , , , , , ,"50,000,000"
242,House,"Kandy â€“ Colombo rd in Ganetenna, Hingula",54.5,3,3,2750 sq.ft.,Mr. Anil Aluwihare,+94 777 832 160,advertiser
243,House,"Pahalagama, Gampaha",17,4,3,3100 sq.ft.,Ranatunga,+94 773 951 560,"34,500,000"
244,House, , , , , , , ,"34,500,000"
245,House, , , , , , , ,"34,500,000"
246,House,"Makola, Y-Junction, Kiribathgoda",11.1,3,3,1400 sq.ft.,,+94 723 407 580,advertiser
247,House,"Pepiliyana, Nugegoda",06,5+,6,3368 sq.ft.,,+94 775 113 603,"33,000,000"
248,House,Kandana,12,5,4,4458 sq.ft.,Ranatunga,+94 773 951 560,"43,000,000"
249,House,"Mattegoda, Kottawa",6.6,3,2,3000 sq.ft.,Sampath,+94 707 680 833,advertiser
250,House,"Hotel road, Mount Lavinia",6,3,3,2500 sq.ft.,Sagara Jayasooriya,+94 766 684 100,advertiser
251,House,"Manel Place, Mahawela 2nd Lane, Pushparama Rd , Kadawatha",14.01,3,1,1302 sq.ft.,,+93 773 951 560,"17,500,000"
252,House,"Delkanda, Nugegoda",6.5,4,3,1900 sq.ft.,Mr. Weerasekera,+94 711 105 510,"25,000,000"
253,House,"Kimbulgoda, Miriswatte, Gampaha",14.5,4,4,1550 sq.ft.,Ranatunga,+94 773 951 560,"10,000,000"
254,House,"Gunasekara Mawatha, Mattumagala, Wattala",46,4,2,2800 sq.ft.,,+94 773 951 560,"44,000,000"
255,House,"Weediyawatta, Gampaha",27.5,3,2,2300 sq.ft.,Rasika,+94 773 453 533,"15,000,000"
256,House,"Ambaraluwa, Weliveriya, Gampaha",10,3,1,1100 sq.ft.,Ranatunga,+94 773 951 560,"7,250,000"
257,House,"Air force Camp Road, Katunayake",8.5,3,2,2100 sq.ft.,Panduka,+94 779 445 428,"12,500,000"
258,House, , , , , , , ,"12,500,000"
259,House,"Kadawatha Road, Dehiwala",6.7,4,3,2500 sq.ft.,Reach Real Estate,+94 772 525 457,"44,000,000"
260,House, , , , , , , ,"44,000,000"
261,House, , , , , , , ,"44,000,000"
262,House,"Kapuwatta, Ja-Ela",10,5,5,3600 sq.ft.,Anuri,+94 777 627 289,"30,000,000"
263,House,"Halbarawa, Homagama",25,3,1,1600 sq.ft.,Vijitha,+94 715 874 682,"15,500,000"
264,House,"OUSL Road, Nawala",7,5+,4,4000 sq.ft.,First Property Management & Assets ( Pvt,+94 714 000 888,"60,000,000"
265,House,"Fife Road, Colombo 5",26.3,4,3,3000 sq.ft.,Niranjan Fernando,+94 777 325 106,"295,000,000"
266,House,"Horton Place, Colombo 7",23.5,4,of,Age of Building 25 + years,Niranjan Fernando,+94 777 325 106,"470,000,000"
267,House,"Poorwarama Road, Colombo 5",8.06,3,3,2200 sq.ft.,Niranjan Fernando,+94 777 325 106,"60,000,000"
268,House,"Kopiyawatta Road, Kandana",7,2,1,1000 sq.ft.,Panduka,+94 779 445 428,"9,500,000"
269,House,"Weligampitiya Road, Ja-Ela",8,4,3,2375 sq.ft.,Panduka,+94 779 445 428,"19,800,000"
270,House,"nawalapitiya, Kandy",3,5,5,2900 sq.ft.,chathuranga,+94 719 091 099,"31,000,000"
271,House,"Kattuwa, Negombo",10.5,3,1,1500 sq.ft.,Mr.Sagara,+94 772 529 191,"17,500,000"
272,House, , , , , , , ,"17,500,000"
273,House,Ragama,24,4,2,2500 sq.ft.,Mr.Sagara,+94 772 529 292,"12,500,000"
274,House,Ragama,12,3,2,2000 sq.ft.,Mr.Sagara,+94 772 529 292,"10,000,000"
275,House,"Madampalla, Katana",1,4,1,2000 sq.ft.,Mr.Sagara,+94 772 529 292,"30,000,000"
276,House,"Wewaldeniya, Kelaniya",14.27,5+,3,4000 sq.ft.,Mr.Sagara,+94 772 529 292,"27,500,000"
277,House, , , , , , , ,"27,500,000"
278,House,"maharagama, Maharagama",20,5+,3,20 sq.ft.,dharmasiri,+94 763 873 320,"39,500,000"
279,House,"KANDANA, Kandana",10,5,1,2500 sq.ft.,Dhammika,+94 770 421 972,"35,000,000"
280,House,"THALAHENA , Malabe",7,3,3,2000 sq.ft.,Pushpa Kumara,+94 777 489 990,"23,000,000"
281,House,"Dro Road , Kandana",10,5,1,3500 sq.ft.,Dhammika,+94 710 719 999,"16,200,000"
282,House,"Temple Road, Malapalla , Kottawa",15.4,5+,4,2340 sq.ft.,Pathmini Jayasinghe,+94 774 758 150,"30,000,000"
283,House,"Thimbirigasyaya Road, Colombo 5",14,4,4,3 Car parking spaces,ATRIUM Real Estate,+94 775 352 922,"162,000,000"
284,House,Athurugiriya,10.5,3,3,3 Car parking spaces,Mr. Pasqual,+94 714 407 361,"16,500,000"
285,House,"OFF TEMPLERS ROAD MOUNT LAVINIA, Mount Lavinia",10,5+,4,4020 sq.ft.,A Mart Properties,+94 772 335 599,"45,000,000"
286,House,Malabe,55,4,3,4000 sq.ft.,Mister T,+94 773 252 566,"29,000,000"
287,House, , , , , , , ,"29,000,000"
288,House,Athurugiriya,10.5,3,3,3 Car parking spaces,Mr. Pasqual,+94 773 637 424,"16,500,000"
289,House,Pita Kotte,14,4,3,2600 sq.ft.,Pushpa Kumara,+94 777 489 990,"35,000,000"
290,House, , , , , , , ,"35,000,000"
291,House,"Koswatte , Nawala",27,5+,6,8000 sq.ft.,Shidan,+93 773 145 433,"160,000,000"
292,House,"Polwatta Road, Maharagama",11,5,4,5000 sq.ft.,Samson,+94 775 085 544,"60,000,000"
293,House,"Subuthipura, Battaramulla",6.75,4,4,3200 sq.ft.,Samson,+94 775 085 544,"39,000,000"
294,House, , , , , , , ,"39,000,000"
295,House, , , , , , , ,"39,000,000"
296,House, , , , , , , ,"39,000,000"
297,House,Colombo 7,30,5+,6,6 Car parking spaces,Expatkey Properties (Agent),+94 773 541 890,"700,000,000"
298,House,Dehiwala,7.5,5,4,2887 sq.ft.,Duminda,+94 712 343 979,"43,000,000"
299,House, , , , , , , ,"43,000,000"
300,House,Pelawatte,10,4,4,4000 sq.ft.,Brian De Silva,+94 773 610 692,"65,000,000"
301,House,Maharagama,11,5,4,5500 sq.ft.,,+94 773 186 504,"60,000,000"
302,House,"Waragoda Road, Kelaniya",9.5,3,2,1250 sq.ft.,Panduka,+94 779 445 428,"9,800,000"
303,House,"Sunethra Devi Primary School Road, Kirillawala",6,3,2,1500 sq.ft.,Panduka,+94 779 445 428,"12,000,000"
304,House,"Maguruwila Road, Kelaniya",17.7,3,2,1800 sq.ft.,Panduka,+94 779 445 428,"12,500,000"
305,House,"Horahena Road, Kottawa",6,2,1,750 sq.ft.,Grit Property,+94 765 577 752,"13,000,000"
306,House, , , , , , , ,"13,000,000"
307,House,Ella,210,2,2,2 Car parking spaces,Mister T,+94 763 257 736,"30,000,000"
308,House,"Katuwana Road,, Homagama",10,4,3,2650 sq.ft.,Grit Property,+94 765 577 752,"27,000,000"
309,House, , , , , , , ,"27,000,000"
310,House,"Close to millenium city, Athurugiriya",10.5,4,4,3500 sq.ft.,Janaka,+94 711 335 043,"31,000,000"
311,House,"Shanthi Mawatha , Makola",30,2,2,2000 sq.ft.,Charith Cabraal,+94 773 901 913,"21,000,000"
312,House,Piliyandala,20,5,4,3100 sq.ft.,Sanjeewa Darshana,+94 774 733 722,"37,000,000"
313,House,"Haragama, Gurudeniya",20,5+,5,6000 sq.ft.,Shakya Singhe Real Estate (Pvt)Ltd,+94 706 777 767,"67,500,888"
314,House,Ratnapura,104,4,1,1500 sq.ft.,,+94 762 884 244,"15,000,000"
315,House,"Idangapola Road, Kiriwaula.",15,5,3,2500 sq.ft.,Kalum,+94 716 837 515,"11,000,000"
316,House,"Wijeya Mawatha, Negombo",35.5,4,2,2650 sq.ft.,Janu OUYANG,+94 761 257 358,"23,075,000"
317,House,"Church Road, Kandana",10,3,1,2000 sq.ft.,multi care,+94 770 421 972,"9,500,000"
318,House,"LUXURY HOUSE BUILT IN 26P LAND IN NUGEGODA FOR SALE, Nugegoda",26,5,4,3500 sq.ft.,First Property Management & Assets ( Pvt,+94 714 000 888,"115,000,000"
319,House,"near Nagoda city limit, Kalutara",11.75,5,4,3800 sq.ft.,Kumara pitigala,+94 760 300 600,"36,000,000"
320,House,"mission lane, Pita Kotte",14,4,3,2600 sq.ft.,sanjana,+94 779 053 586,"35,000,000"
321,House, , , , , , , ,"35,000,000"
322,House, , , , , , , ,"35,000,000"
323,House,"11/6 Sri Jinaratana Mawatha , Rathmalana",8.42,3,1,1092 sq.ft.,S.Niranjan,+94 773 600 800,"18,750,000"
324,House,"Punchibogahapitiya, Balagolla",20,5,3,3500 sq.ft.,Wasantha Senevirathne,+94 718 003 482,"35,000,000"
325,House, , , , , , , ,"35,000,000"
326,House, , , , , , , ,"35,000,000"
327,House, , , , , , , ,"35,000,000"
328,House, , , , , , , ,"35,000,000"
329,House,Negombo,18,3,2,2300 sq.ft.,Hansaka,+94 711 202 131,"39,000,000"
330,House,"Madapola, Theldeniya",11.9,3,1,1100 sq.ft.,Shakya Singhe Real Estate (Pvt) Ltd,+94 706 777 767,"8,500,888"
331,House,Kiribathgoda Town,38,4,4,2500 sq.ft.,Rienzie Anderson,+94 777 961 961,"65,000,000"
332,House,6.5 perch architect designed brand new house for sale in Hokandara,6.5,3,3,1650 sq.ft.,Dilan,+94 777 336 375,"26,500,000"
333,House,"Darmashoka mawatha, Malabe",07,3,3,2800 sq.ft.,Dilan,+94 777 336 375,"17,500,000"
334,House,"Thunhandahena road, Malabe",7,3,3,1500 sq.ft.,Dilan,+94 777 336 375,"14,000,000"
335,House,Kandana,5,3,1,840 sq.ft.,chanaka,+94 741 928 929,"8,950,000"
336,House,"Templars Road, Mount Lavinia",8.77,5+,5,3199 sq.ft.,Adhil,+94 777 374 148,"58,000,000"
337,House,"Sirimal uyana , Mount Lavinia",16.6,5,5,2500 sq.ft.,Sumith,+94 773 634 380,"52,000,000"
338,House,"Sri Ariyajothi Mawatha, Matara",14,5+,2,3 Car parking spaces,Chandana Deerasuriya,+94 718 170 194,"21,200,000"
339,House,"Kopiwatta road, Minuwangoda",10,2,1,870 sq.ft.,Value Property,+94 772 188 855,"6,950,000"
340,House,"Thalahena, Malabe",15,5,5,4200 sq.ft.,Value Property,+94 772 423 542,"45,000,000"
341,House,"Arangala, Malabe",7.9,3,3,2200 sq.ft.,Value Property,+94 772 188 855,"35,000,000"
342,House,"Ranpokunugala Scheme, Nittambuwa",10,3,2,1750 sq.ft.,Value Property,+94 772 188 855,"10,800,000"
343,House,"Off Paraththa Road,, Gorakana",17,2,2,2200 sq.ft.,Sweet Homes Property Agents,+94 759 775 777,"11,500,000"
344,House,"Diyagama, Homagama",10,5+,3,2200 sq.ft.,Western City Properties,+94 782 988 688,"22,500,000"
345,House,"Off Kadawatha Road, Kalubowila",7.5,5,4,2500 sq.ft.,Western City Properties,+94 787 728 949,"58,000,000"
346,House,"Templers Road, Mount Lavinia",7.2,4,3,2500 sq.ft.,Western City Properties,+94 787 728 949,"47,000,000"
347,House, , , , , , , ,"47,000,000"
348,House,"Templers Road, Mount Lavinia",6.7,4,3,2500 sq.ft.,Western City Properties,+94 782 988 688,"42,000,000"
349,House, , , , , , , ,"42,000,000"
350,House,Pannipitiya malaba road,9.5,5,4,3200 sq.ft.,Palitha Kulasinghe,+94 777 730 850,"25,000,000"
351,House, , , , , , , ,"25,000,000"
352,House, , , , , , , ,"25,000,000"
353,House,"katana, Katana",30,4,1,1500 sq.ft.,Mr.Sagara,+94 772 529 292,"7,500,000"
354,House,"Batepola, Dunagaha",30,3,1,1000 sq.ft.,Mr.Sagara,+94 772 529 292,"4,500,000"
355,House,"Bulugahalanda Waththa, Banduragoda",21.5,2,1,700 sq.ft.,Mr.Sagara,+94 772 529 292,"6,400,000"
356,House,"Dalupotha, Negombo",5.3,1,1,750 sq.ft.,Mr.Sagara,+94 772 529 292,"9,000,000"
357,House,"Kaliwarippuwa, Katana",13.5,4,2,1800 sq.ft.,Mr.Sagara,+94 772 529 292,"9,000,000"
358,House,"katana, Katana",27,3,1,1500 sq.ft.,Mr.Sagara,+94 772 529 292,"7,350,000"
359,House,"Dalupotha, Negombo",15,3,1,1500 sq.ft.,Mr.Sagara,+94 772 529 292,"9,000,000"
360,House,Horagasmulla Divulapitiya,15,5,2,3500 sq.ft.,Mr.Sagara,+94 772 529 292,"12,000,000"
361,House,"Sigiri Mawatha, Negombo",20.0,5,2,2200 sq.ft.,Mr.Sagara,+94 772 529 292,"15,000,000"
362,House,"Vihara mawatha  , Colombo 6",11.56,5+,2,3000 sq.ft.,Pradeep,+94 773 047 222,"6,500,000"
363,House,Near to Kurunegala Lake,29,5+,10,2500 sq.ft.,SH Properties,+94 713 247 845,"45,000,000"
364,House,Pelawatte,10,5,3,3000 sq.ft.,SH Properties,+94 713 247 845,"24,000,000"
365,House,"Off Templers Road, Mount Lavinia",7.2,4,3,2500 sq.ft.,SH Properties,+94 713 247 845,"41,000,000"
366,House,"40th Lane, Colombo 6",7.2,3,2,2000 sq.ft.,DK Real Estate Services,+94 727 827 777,"66,750,000"
367,House,"Talwatte, Kandy",80,4,4,6 Car parking spaces,Mevanda,+94 776 638 723,"98,000,000"
368,House,"Hedges Court, Colombo 10",17.25,4,3,3000 sq.ft.,Mevanda,+94 776 638 723,"207,000,000"
369,House,"School Lane , Colombo 3",9.23,5,4,4000 sq.ft.,Mevanda,+94 776 638 723,"147,680,000"
370,House,"mihidumawatha, Malabe",10,4,3,2800 sq.ft.,chathuranga,+94 719 091 099,"26,500,000"
371,House,"pelawatta, Battaramulla",13.2,3,2,1300 sq.ft.,chathuranga,+94 719 091 099,"37,000,000"
372,House,"Peiris Avenue , Dehiwala",6,5,3,2400 sq.ft.,Mr Shafraz,+94 773 318 833,"39,000,000"
373,House,"Closer to Galle rd Kalubovila , Dehiwala",8.75,5+,6,3000 sq.ft.,Mr Shafraz,+94 773 318 833,"55,000,000"
374,House,"4th Lane, Pita Kotte",7.6,5,5,3000 sq.ft.,Nalin,+94 712 320 750,"35,000,000"
375,House, , , , , , , ,"35,000,000"
376,House,"Nawinna, Maharagama",8.5,2,2,Age of Building 5 + years,Perera,+94 775 050 318,"22,500,000"
377,House, , , , , , , ,"22,500,000"
378,House,Boralesgamuwa,7.68,4,4,2500 sq.ft.,Mr. Pasqual,+94 773 637 424,"38,000,000"
379,House, , , , , , , ,"38,000,000"
380,House,Pelawatte,7.2,4,4,3500 sq.ft.,Mr. Pasqual,+94 773 637 424,"38,500,000"
381,House, , , , , , , ,"38,500,000"
382,House,Polgasowita,25,4,3,2800 sq.ft.,Mr. Pasqual,+94 714 407 361,"48,500,000"
383,House, , , , , , , ,"48,500,000"
384,House, , , , , , , ,"48,500,000"
385,House,"Alexandra Road, Colombo 6",15,5+,4,1 Car parking space,Pratheepan,+94 714 216 837,"200,000,000"
386,House,"Kudamadhuwa, Piliyandala",7,2,1,1000 sq.ft.,AGA Holdings (Pvt) Ltd,+94 773 868 888,"9,800,000"
387,House,"Housing Schme, Mattegoda",3.5,4,1,900 sq.ft.,AGA Holdings (Pvt) Ltd,+94 773 868 888,"7,000,000"
388,House,"Hirana rd, Panadura",10.8,3,2,1650 sq.ft.,Kumara Pitigala,+94 760 300 600,"12,000,000"
389,House,"Kiriberiya road, Panadura",10,5,2,1800 sq.ft.,Kumara Pitigala,+94 760 300 600,"17,500,000"
390,House,"near Attidiya main rd, Dehiwala",12,4,4,3500 sq.ft.,Kumara Pitigala,+94 760 300 600,"55,000,000"
391,House,"near Katubedda Campus, Rathmalana",23.6,5+,3,3200 sq.ft.,Kumara Pitigala,+94 760 300 600,"32,000,000"
392,House,"near Gall rd, Panadura",14,3,1,1100 sq.ft.,Kumara Pitigala,+94 760 300 600,"12,500,000"
393,House,"near 119 Bus route, Boralesgamuwa",15,5+,3,3060 sq.ft.,kumara pitigala,+94 760 300 600,"37,000,000"
394,House,"near old galle rd, Panadura",21,4,2,2300 sq.ft.,Kumara Pitigala,+94 760 300 600,"16,800,000"
395,House,"Rahula mw, Rathmalana",6,5,4,2200 sq.ft.,Kumara Pitigala,+94 760 300 600,"12,500,000"
396,House,"Rahula mw, Moratuwa",6,5,4,2200 sq.ft.,Kumara Pitigala,+94 760 300 600,"12,500,000"
397,House,"Madiwela, Pita Kotte",7.65,4,4,3200 sq.ft.,Kumara pitigala,+94 777 420 980,"52,500,000"
398,House,"near Highway entrance, Panadura",39,5+,4,4300 sq.ft.,kumara pitigala,+94 760 300 600,"88,000,000"
399,House, , , , , , , ,"88,000,000"
400,House,"Werahera , Boralesgamuwa",10,5,3,2301 sq.ft.,Steve,+94 774 234 310,"18,000,000"
401,House, , , , , , , ,"18,000,000"
402,House,"Don David Mawatha, Katuwapitiya, Negombo",10,4,2,1650 sq.ft.,Isuru Jayasinghe,+94 773 474 848,"16,500,000"
403,House, , , , , , , ,"16,500,000"
404,House,"Barnes place, Colombo 7",9,4,4,2700 sq.ft.,Linea Property,+94 707 374 198,"190,000,000"
405,House,Colombo 5,8.6,4,4,2027 sq.ft.,Vidush,+94 768 297 733,"130,000,000"
406,House,Battaramulla,21,4,3,3000 sq.ft.,Vidush,+94 768 297 733,"55,000,000"
407,House,Kelaniya,40,5+,4,5000  sq.ft.,Vidush,+94 768 297 733,"80,000,000"
408,House,"Jayanthipura, Battaramulla",20.5,5,4,2000 sq.ft.,,+94 768 297 733,"75,000,000"
409,House, , , , , , , ,"75,000,000"
410,House,Kaduwela,8,2,2,630 sq.ft.,Vidush,+94 768 297 733,"24,500,000"
411,House,Battaramulla,48,5+,10,20000 sq.ft.,Vidush,+94 768 297 733,"500,000,000"
412,House,"Castle Street, Colombo 8",13.89,5+,5,4300 sq.ft.,Thusith Jayalath,+94 711 671 233,"170,000,000"
413,House,Malabe,8.7,4,4,3000 sq.ft.,Chandi,+94 766 591 860,"35,000,000"
414,House,"Madiwela, Thalawathugoda",31,5,5,5500 sq.ft.,Nimal Kumarasiri,+94 777 787 109,"90,000,000"
415,House, , , , , , , ,"90,000,000"
416,House,"Elagalla, Kegalle",80,5,2,2500 sq.ft.,Shakthi,+94 774 045 797,"8,000,000"
417,House,"13th lane , Colombo 3",8.75,5+,4,2700 sq.ft.,Linea Property,+94 772 382 813,"170,000,000"
418,House, , , , , , , ,"170,000,000"
419,House, , , , , , , ,"170,000,000"
420,House, , , , , , , ,"170,000,000"
421,House,Pepiliyana,27.5,5+,5,9000 sq.ft.,syrealestate,+94 779 053 586,"170,000,000"
422,House,"Pallansena South Kochchikade, Negombo",15,4,3,2000 sq.ft.,Mr.Sagara,+94 772 529 292,"14,800,000"
423,House,"Daluwakotuwa,Kochchikade, Negombo",15,3,3,1800 sq.ft.,Mr.Sagara,+94 772 529 292,"20,000,000"
424,House,"Daluwakotuwa, Kochchikade, Negombo",18.4,4,1,1000 sq.ft.,Mr.Sagara,+94 772 529 292,"13,500,000"
425,House,Thalawathugoda,31,4,4,5000 sq.ft.,Yohan Weerasingha,+94 774 800 623,"90,000,000"
426,House, , , , , , , ,"90,000,000"
427,House,"Subuthipura Road, Battaramulla",6.75,4,3,3100 sq.ft.,Matheesha,+94 772 744 744,"39,000,000"
428,House,"Udumulla Road, Battaramulla",18,3,3,3600 sq.ft.,Samson,+94 775 085 544,"58,000,000"
429,House,"Liyanage mawatha, Pelwatta",10,4,3,2750 sq.ft.,Linea Property,+94 707 374 198,"42,000,000"
430,House,"Gothami road , Colombo 8",22,4,2,2000 sq.ft.,Linea Property,+94 707 374 198,"121,000,000"
431,House,"pelawatta, Battaramulla",12,5+,7,6200 sq.ft.,chathuranga,+94 719 091 099,"90,000,000"
432,House,"halbarawa, Thalahena",10,3,2,2 Car parking spaces,chathuranga,+94 719 091 099,"16,000,000"
433,House,Rajagiriya,13.4,5+,3,2000 sq.ft.,SYrealestate,+94 779 053 586,"50,000,000"
434,House,Nugegoda,26.45,5,4,3500 sq.ft.,syrealestate,+94 779 053 586,"120,000,000"
435,House,Kohuwala,17.5,5+,9,3500 sq.ft.,syrealestate,+94 779 053 586,"67,000,000"
436,House,"Thalahena , Malabe",7,3,2,2000 sq.ft.,syrealestate,+94 779 053 586,"23,000,000"
437,House,"Hokandara, Athurugiriya",10,4,3,3800 sq.ft.,SYrealestate,+94 779 053 586,"25,000,000"
438,House, , , , , , , ,"25,000,000"
439,House, , , , , , , ,"25,000,000"
440,House, , , , , , , ,"25,000,000"
441,House, , , , , , , ,"25,000,000"
442,House, , , , , , , ,"25,000,000"
443,House, , , , , , , ,"25,000,000"
444,House,"Makandana, Kesbewa",11,4,3,2000 sq.ft.,Shakya Singhe Real Estate (Pvt)Ltd,+94 762 211 609,"11,000,888"
445,House,Menikhinne,14,5+,5,4000 sq.ft.,Shakya Singhe Real Estate (Pvt) Ltd,+94 755 888 800,"13,000,888"
446,House,"NEGOMBO AREA, Negombo",12.5,4,2,2650 sq.ft.,R M A PAUL,+94 764 871 907,"25,000,000"
447,House,"KANDAWALA NEGOMBO, Negombo",12.5,3,2,3150 sq.ft.,R M A PAUL,+94 764 871 907,"26,500,000"
448,House,"DALUPOTHA NEGOMBO, Negombo",9.8,4,2,2200 sq.ft.,R M A PAUL,+94 764 871 907,"17,900,000"
449,House,"NEGOMBO DALUPOTHA, Negombo",10.5,3,2,1550 sq.ft.,R M A PAUL,+94 764 871 907,"15,000,000"
450,House,"NEGOMBO DALUPOTHA, Negombo",10,3,2,1500 sq.ft.,R M A PAUL,+94 764 871 907,"13,000,000"
451,House,"NEGOMBO DALUPOTHA, Negombo",14.2,3,2,1850 sq.ft.,R M A PAUL,+94 764 871 907,"18,500,000"
452,House,"NEGOMBO twmbirigaskatuwa, Negombo",12.5,3,3,1800 sq.ft.,R M A PAUL,+94 764 871 907,"11,000,000"
453,House,"KANDAWALA NEGOMBO, Negombo",12,5,2,3000 sq.ft.,R M A PAUL,+94 764 871 907,"18,000,000"
454,House,"NEGOMBO  DEMAN HANDIYA, Negombo",10,3,2,1500 sq.ft.,R M A PAUL,+94 764 871 907,"11,000,000"
455,House,"NEGOMBO AKKARAPANAHA, Negombo",10,3,2,1650 sq.ft.,R M A PAUL,+94 764 871 907,"20,000,000"
456,House,Nawala,53,3,3,4000 sq.ft.,Chintha Danansooriya,+94 777 362 600,"371,000,000"
457,House,"Hulangamuwa Road, Matale",42.5,5+,4,13500 sq.ft.,Chintha Danansooriya,+94 777 362 600,"75,000,000"
458,House,"Kirillawala, Kadawatha",9,3,3,3000 sq.ft.,Janaka,+94 770 505 855,"24,000,000"
459,House,"Watarappala Road, Mount Lavinia",8,4,2,3000 sq.ft.,Harshani,+94 774 426 443,"45,000,000"
460,House,"Pelawatta, Battaramulla",10.5,5,3,3000 sq.ft.,Harshani,+94 774 426 443,"31,000,000"
461,House,"Near veppankulam, Vavuniya",27.5,5+,3,2700 sq.ft.,Jay,+94 770 236 267,"9,000,000"
462,House,"Rampart Road, Ethul Kotte",17,5,3,6000 sq.ft.,Serene Properties,+94 777 407 408,"112,000,000"
463,House,"1st Lane, Rathmalana",29,4,2,3000 sq.ft.,Serene Holdings (Pvt) Ltd.,+94 777 632 672,"77,000,000"
464,House,Malabe,10.56,4,3,2675 sq.ft.,Supeshala,+94 763 178 484,"49,500,000"
465,House,Mattegoda,10.08,4,4,4000 sq.ft.,Supeshala,+94 763 178 484,"29,000,000"
466,House,Ragama,41,4,4,2500 sq.ft.,Supeshala,+94 763 178 484,"53,300,000"
467,House,"Abeyratne Mawatha (Near Urban Council), Boralesgamuwa",20,5+,7,6000 sq.ft.,Fernando (Owner),+94 778 573 154,"100,000,000"
468,House,Battaramulla,15,5,4,4000 sq.ft.,Sajith,+94 712 141 141,"55,000,000"
469,House,Kaduwela,30,3,2,2000 sq.ft.,Sajith,+94 712 141 141,advertiser
470,House, , , , , , , ,advertiser
471,House, , , , , , , ,advertiser
472,House,Thalawathugoda,12.5,4,4,6500 sq.ft.,Sajith,+94 712 141 141,"41,000,000"
473,House,Thalawathugoda,16,5,5,6500 sq.ft.,Sajith,+94 712 141 141,"120,000,000"
474,House,Battaramulla,65,5,5,5950 sq.ft.,Sajith,+94 712 141 141,"180,000,000"
475,House,Battaramulla,65,5,3,5950 sq.ft.,Sajith,+94 712 141 141,"180,000,000"
476,House,"Rathmalana, Golumadama",4.2,4,2,1 Car parking space,Wajira,+94 740 514 444,"9,500,000"
477,House,"Medawelikada Road, Rajagiriya",9.2,3,3,4000 sq.ft.,Gihan Kuruppu,+94 777 636 990,"85,000,000"
478,House,Mount Lavinia,7.8,4,3,2800 sq.ft.,Castle Realty,+94 777 210 877,"45,000,000"
479,House, , , , , , , ,"45,000,000"
480,House,Pelawatte,10,4,4,2800 sq.ft.,Dilan,+94 777 336 375,"55,000,000"
481,House,"C V S Corea gardens , Thalawathugoda",7.5,4,3,3200 sq.ft.,Dilan,+94 777 336 375,"38,500,000"
482,House,Battaramulla,23.7,5,5,6500 sq.ft.,Mister T,+94 768 557 736,"125,000,000"
483,House,"Off Kirulapone Road, Colombo 5",15.57,5+,5,4500 sq.ft.,Gayashan Senarathna,+94 771 067 733,"80,000,000"
484,House,Rathmalana,7,4,2,2000 sq.ft.,Wajira,+94 712 343 979,"22,500,000"
485,House,Rathmalana,2.5,2,1,900 sq.ft.,Duminda,+94 712 343 979,"7,200,000"
486,House,Colombo 6,5,3,2,2500 sq.ft.,Duminda,+94 712 343 979,"31,000,000"
487,House, , , , , , , ,"31,000,000"
488,House,"Kosgahawella, Aluthwala",119,2,2,1520 sq.ft.,Asanka Suraweera,+94 772 319 500,"55,000,000"
489,House,Rathmalana,10,3,2,2300 sq.ft.,Duminda,+94 712 343 979,"23,000,000"
490,House,"Hill Street, Dehiwala",20,4,3,4000 sq.ft.,First Property Management & Assets ( Pvt,+94 714 000 888,"130,000,000"
491,House, , , , , , , ,"130,000,000"
492,House,"Tikkele Road , Colombo 8",14.93,5,4,3900 sq.ft.,Samson,+94 775 085 544,"165,000,000"
493,House,"Near High Level Road, Nugegoda",10,3,2,3000 sq.ft.,de Silva,+94 777 003 745,"45,000,000"
494,House, , , , , , , ,"45,000,000"
495,House,"Off Chandrika Kumaratunga Mawatha, Malabe",12.5,4,4,3502 sq.ft.,Grit Property,+94 765 577 752,"27,000,000"
496,House, , , , , , , ,"27,000,000"
497,House, , , , , , , ,"27,000,000"
498,House, , , , , , , ,"27,000,000"
499,House, , , , , , , ,"27,000,000"
500,House,"Thunadahena Rd, Malabe",6,4,3,2000 sq.ft.,Charitha Deshapriya,+94 777 897 392,"31,500,000"
501,House, , , , , , , ,"31,500,000"
502,House, , , , , , , ,"31,500,000"
503,House,"Nayakakanda road , Wattala",14.1,4,2,1850 sq.ft.,Priya darshani,+94 777 379 875,"21,000,000"
504,House,"DABARE MAWATHA, Colombo 5",10,5,5,2450 sq.ft.,Pushpa Kumara,+94 777 489 990,"130,000,000"
505,House,"Vimalawattha Road , Nugegoda",7,4,5,4000  sq.ft.,Ranga Shashikantha,+94 775 851 018,"67,500,000"
506,House,"Miriswattha Junction , Piliyandala",12,5+,4,4500 sq.ft.,Ranga Shashikantha,+94 775 851 018,"55,000,000"
507,House,"Koswattha , Battaramulla",7.9,5,5,4000 sq.ft.,Ranga Shashikantha,+94 775 851 018,"35,000,000"
508,House,Galle,27,5+,4,3 Car parking spaces,Suranga,+94 779 236 717,"45,000,000"
509,House,"Anderson Road, Kalubowila",6,2,1,500 sq.ft.,Hussam Hameed,+94 773 111 722,"25,000,000"
510,House,Wattala,15,4,4,2850 sq.ft.,Castle Realty,+94 777 210 877,"35,000,000"
511,House,"Vellvettithurai, Polikandy",10,5+,3,3584 sq.ft.,Roy Fernando,+94 771 887 727,"23,000,000"
512,House, , , , , , , ,"23,000,000"
513,House,Moratuwa,12.5,5+,8,5500 sq.ft.,Mister T,+94 773 252 566,"65,000,000"
514,House, , , , , , , ,"65,000,000"
515,House, , , , , , , ,"65,000,000"
516,House, , , , , , , ,"65,000,000"
517,House,"Athgala, Kochchikade",14.25,3,1,1400 sq.ft.,Mr.Sagara,+94 772 529 292,"6,700,000"
518,House,"211/E Pedipola, Udugampola, Gampaha udugampola",7,2,1,950 sq.ft.,Jayantha,+94 750 722 602,"3,900,000"
519,House, , , , , , , ,"3,900,000"
520,House,Kandana,7,4,3,2800 sq.ft.,Dinesh,+94 704 350 196,"28,000,000"
521,House,Battaramulla,27,4,4,5500 sq.ft.,Expatkey Properties (Agent),+94 777 383 407,advertiser
522,House,Polgasowita,25,4,3,2800 sq.ft.,Mr. Pasqual,+94 773 637 424,"48,500,000"
523,House,Malabe,10,3,1,1350 sq.ft.,Mister T,+94 768 557 736,"20,000,000"
524,House, , , , , , , ,"20,000,000"
525,House,"Kandy / Kundasale,",11,3,1,1400 sq.ft.,Jayarathna,+94 761 719 995,"18,500,000"
526,House,"WICKRAMASINGHEPURA , Battaramulla",18,4,3,3000 sq.ft.,Pushpa Kumara,+94 777 489 990,"60,000,000"
527,House, , , , , , , ,"60,000,000"
528,House, , , , , , , ,"60,000,000"
529,House,"KIRIMANDALA MAWATHA, Colombo 5",10.5,5+,6,3000 sq.ft.,Pushpa Kumara,+94 777 489 990,"90,000,000"
530,House, , , , , , , ,"90,000,000"
531,House,Colombo 5,34,5,4,6 Car parking spaces,Expatkey Properties (Agent),+94 773 541 890,advertiser
532,House, , , , , , , ,advertiser
533,House,Colombo 5,34,5,4,6 Car parking spaces,Expatkey Properties (Agent),+94 773 541 890,"527,000,000"
534,House,"Sudarshana Mawatha, Malabe",10,5+,4,4300 sq.ft.,Harendra / Nimna,+94 777 070 666,"38,000,000"
535,House,"Diggala rd, Panadura",53,3,2,2500 sq.ft.,Karunarathna,+94 718 087 043,"35,000,000"
536,House,"UNITY PLAZA, Colombo 3",7,5+,4,2000 sq.ft.,Pushpa Kumara,+94 777 489 990,"140,000,000"
537,House,Colombo 8,10,4,3,4 Car parking spaces,The One Property,+94 770 111 088,"120,000,000"
538,House,"Off Anderson Road, Kohuwala",8.3,3,3,2300 sq.ft.,DK Real Estate Services,+94 727 827 777,"37,500,000"
539,House,Nugegoda,26.45,4,4,3500 sq.ft.,Pushpa Kumara,+94 777 489 990,"120,000,000"
540,House,"Chandrika Kumaratunga mawatha , Malabe",6.5,4,4,2750 sq.ft.,GRIT Property Group,+94 767 776 995,"27,000,000"
541,House,Ethul Kotte,7.5,5,5,2 Car parking spaces,Rodrigo Realtors (Pvt) Ltd,+94 775 255 101,"30,000,000"
542,House, , , , , , , ,"30,000,000"
543,House,Bandarawela near Hospital දිසා රෝහල,44,4,2,3 Car parking spaces,Master,+94 741 745 987,"26,000,000"
544,House,Kiribathgoda,10,4,2,2900 sq.ft.,Supeshala,+94 763 178 484,"30,000,000"
545,House,Padukka,182,4,3,7200 sq.ft.,Supeshala,+94 763 178 484,"80,000,000"
546,House,Battaramulla,6.75,4,4,3200 sq.ft.,Supeshala,+94 763 178 484,"41,000,000"
547,House,Athurugiriya,15.5,3,2,1327 sq.ft.,Supeshala,+94 763 178 484,"19,000,000"
548,House,Pannipitiya,15.8,5+,4,4000 sq.ft.,Supeshala,+94 763 178 484,"23,000,000"
549,House,Dehiwala,12.5,3,2,2500 sq.ft.,Supeshala,+94 763 178 484,"75,000,000"
550,House, , , , , , , ,"75,000,000"
551,House,"Hunupitiya road , Wattala",6.51,4,3,2 Car parking spaces,Priya darshani,+94 777 379 875,"14,000,000"
552,House, , , , , , , ,"14,000,000"
553,House, , , , , , , ,"14,000,000"
554,House,"Hela iura road , Wattala",3,3,2,2 Car parking spaces,Priya darshani,+94 777 737 987,"15,000,000"
555,House, , , , , , , ,"15,000,000"
556,House, , , , , , , ,"15,000,000"
557,House, , , , , , , ,"15,000,000"
558,House,Wattala,13,4,3,2 Car parking spaces,Priya darshani,+94 777 737 987,"35,000,000"
559,House, , , , , , , ,"35,000,000"
560,House, , , , , , , ,"35,000,000"
561,House, , , , , , , ,"35,000,000"
562,House, , , , , , , ,"35,000,000"
563,House, , , , , , , ,"35,000,000"
564,House, , , , , , , ,"35,000,000"
565,House,Malabe,10,5,4,4 Car parking spaces,Mister T,+94 764 157 736,"57,000,000"
566,House,Kadawatha,9.5,2,1,1600 sq.ft.,Value Property,+94 772 188 855,"11,200,000"
567,House,Kochchikade,20,3,2,2500 sq.ft.,Value Property,+94 772 188 855,"27,000,000"
568,House,"95/2A, 3rd Lane, Parakrama Mawatha, Thalahena,, Malabe",14.5,4,3,2800 sq.ft.,Lalitha Wijayaratne,+94 777 583 146,"35,000,000"
569,House, , , , , , , ,"35,000,000"
570,House, , , , , , , ,"35,000,000"
571,House, , , , , , , ,"35,000,000"
572,House,Colombo 3,30,3,2,3000 sq.ft.,Mister T,+94 773 252 566,"495,000,000"
573,House, , , , , , , ,"495,000,000"
574,House, , , , , , , ,"495,000,000"
575,House,Maharagama,28,5,4,5300 sq.ft.,Samitha Hanthanapitiya,+94 765 844 820,"65,000,000"
576,House,Pelawatte,8.8,4,4,3450 sq.ft.,Gamini Kuruppu,+94 722 700 900,"45,000,000"
577,House, , , , , , , ,"45,000,000"
578,House,"Andarawatta Road, Colombo 5",20,4,Available,3 Car parking spaces,Roy,+94 778 437 234,"195,000,000"
579,House, , , , , , , ,"195,000,000"
580,House,Moratuwa,22,5+,8,8000 sq.ft.,,+94 777 408 480,"55,000,000"
581,House,Mount Lavinia,12.7,3,3,1200 sq.ft.,Owner,+94 777 738 001,advertiser
582,House,"Galwarusawa road, Athurugiriya",10.8,3,2,1240 sq.ft.,Wipulasena,+94 777 861 147,"12,500,000"
583,House,"St Anthony s Road , Negombo",15.5,4,4,3200 sq.ft.,Hillary Costa,+94 777 580 901,"32,500,000"
584,House, , , , , , , ,"32,500,000"
585,House,"St.Mary's church Road, Wellampitiya",8.50,5,3,2 Car parking spaces,Roy Fernando,+94 771 887 727,"16,000,000"
586,House,"Kalapaluwawa, Rajagiriya",19.5,4,4,3500 sq.ft.,N Fernando,+94 777 325 106,"55,000,000"
587,House,"Baseline Road, Kattuwa, Negombo",10.75,3,2,1 Car parking space,Madushan Fernando,+94 777 753 568,"15,600,000"
588,House,"Sirinanda Jothikarama Mawatha, Thalawathugoda",19,3,3,3500 sq.ft.,ATRIUM Real Estate,+94 775 352 922,"50,000,000"
589,House,Piliyandala,28,4,3,7200 sq.ft.,Samitha Hanthanapitiya,+94 765 844 820,"85,000,000"
590,House,"Jambugasulla road , Nugegoda",20,5,3,3500 sq.ft.,Carl Mahesh,+94 714 393 108,"64,000,000"
591,House,"Pepiliyana , Nugegoda",08.3,4,3,3500 sq.ft.,Temptation Real Estate,+94 775 395 008,"50,000,000"
592,House,Piliyandala,10.5,4,3,3000 sq.ft.,Saman,+94 772 014 174,"37,500,000"
593,House,"Thimbirigasyaya road , Colombo 5",10,5,3,3000 sq.ft.,Carl Mahesh,+94 775 395 008,"110,000,000"
594,House,Thalawathugoda,8,4,3,2400 sq.ft.,Trewin Fernando,+94 775 990 539,"37,000,000"
595,House,"Rosmead Place, Colombo 7",28,5,4,5400 sq.ft.,Trewin Fernando,+94 775 990 539,"500,000,000"
596,House,"Tewatte Road, Ragama",18.8,4,4,3000 sq.ft.,Lucien,+94 766 204 931,"32,000,000"
597,House,"Melder Place, Nugegoda",6.35,4,3,2235 sq.ft.,Rodrigo Realtors (Pvt) Ltd,+94 775 255 100,"36,000,000"
598,House,Kottawa,10.78,4,3,2 Car parking spaces,Rodrigo Realtors (Pvt) Ltd,+94 775 255 101,"27,000,000"
599,House,"Malapalla, Pannipitiya",15.4,5+,4,2 Car parking spaces,Rodrigo Realtors (Pvt) Ltd,+94 775 255 101,"30,000,000"
600,House,"Arthurs Place, Nugegoda",10.5,3,2,2 Car parking spaces,Rodrigo Realtors (Pvt) Ltd,+94 775 255 098,"48,000,000"
601,House,"Thalawathugoda , Pannipitiya",60,5,5,6000 sq.ft.,Shakya Singhe Real Estate (Pvt)Ltd,+94 706 777 767,"300,000,888"
602,House,"Weedagama, Bandaragama",10.95,4,3,3350 sq.ft.,Shakya Singhe Real Estate (Pvt)Ltd,+94 755 888 805,"17,000,888"
603,House,"Veluvana road, Colombo 9",20,4,4,2000 sq.ft.,Colombo Properties,+94 770 678 202,"60,000,000"
604,House, , , , , , , ,"60,000,000"
605,House,Rajagiriya,14.5,5+,4,5200 sq.ft.,Gamini Kuruppu,+94 722 700 900,"90,000,000"
606,House,"Castle Street, Colombo 08, Colombo 8",10.5,3,3,2 Car parking spaces,Gamini Kuruppu,+94 722 700 900,"100,000,000"
607,House,Off Stanley Thilakaratne Mawatha - Nugegoda,26,5,4,3500 sq.ft.,Gamini Kuruppu,+94 722 700 900,"126,000,000"
608,House,"C V S Corea Mawatha , Thalawathugoda",30,4,4,5500 sq.ft.,Senanayake,+94 711 994 465,"85,000,000"
609,House,"bandaragama - piliyandala 162 bus road, Piliyandala",15,4,1,1250 sq.ft.,lalith,+94 777 120 750,"9,000,000"
610,House, , , , , , , ,"9,000,000"
611,House,Kadawatha,42,4,3,11435 sq.ft.,Mister T,+94 768 557 736,"25,000,000"
612,House,Nugegoda,26.5,4,4,3500 sq.ft.,Mister T,+94 768 557 736,"120,000,000"
613,House,"Nalandarama Road, Nugegoda",3.5,3,2,1600 sq.ft.,AALAM AZIZ,+94 777 534 477,"21,500,000"
614,House,Subhoothipura,6.75,4,4,3100 sq.ft.,Rodrigo Realtors (Pvt) Ltd,+94 775 255 101,"40,000,000"
615,House,Kandana,105,3,3,8200 sq.ft.,Mister T,+94 773 252 566,"95,000,000"
616,House,Colombo 3,11,5,3,3000 sq.ft.,Yohan Weerasingha,+94 774 800 623,"178,000,000"
617,House,Malabe,10,3,1,900 sq.ft.,,+94 773 222 571,"24,000,000"
618,House,Attidiya,16.72,5+,5,3020 sq.ft.,Rukshan Goonewardene,+94 777 270 887,"42,000,000"
619,House,"Galle Road, Colombo 4",12,4,:,2 Car parking spaces,Jiffry,+77 767 442 2,"282,000,000"
620,House,"polgahamulla , Kandy",12.6,5+,3,12.5 sq.ft.,Chanaka,+94 771 578 517,"11,500,000"
621,House,"Main street, Dehiowita",40,5+,2,3500 sq.ft.,Dhanushka,+94 773 478 038,"40,000,000"
622,House,"thambarawila road, Waikkala",40,3,2,2561 sq.ft.,RUWAN FERNANDO,+94 761 510 783,"15,000,000"
623,House,Moratuwa,12,5,4,3900 sq.ft.,Reach Real Estate Sri Lanka,+94 772 525 457,"58,000,000"
624,House, , , , , , , ,"58,000,000"
625,House,"malamulla, Panadura",9.5,2,1,1250 sq.ft.,Theepan,+94 777 770 501,"7,500,000"
626,House,"No. 104 /A, Indigolla, Gampaha",11,3,2,2400 sq.ft.,Owner,+94 777 701 300,advertiser
627,House,"veyangoda Road, Kalagedihena, Nittambuwa",33,5+,3,4800 sq.ft.,Ranatunga,+94 773 951 560,"29,000,000"
628,House, , , , , , , ,"29,000,000"
629,House,"Yatadolar Para Kurunduwatte PAYAGALA, Payagala",40,5,stop,Age of Building 5 + years,,+94 759 872 136,"12,000,000"
630,House,"Pelawatta, Battaramulla",7.2,4,3,3000 sq.ft.,Harshani,+94 774 426 443,"38,500,000"
631,House,"Akuregoda, Pelawatte",65,5,4,5950 sq.ft.,Dilan,+94 777 336 375,"160,000,000"
632,House,"Pore , Athurugiriya",7,3,3,2650 sq.ft.,Dilan,+94 777 336 375,"22,500,000"
633,House,"Hedigama, Piliyandala",13,5,5,2000 sq.ft.,Rebecca,+94 771 238 583,"25,500,000"
634,House, , , , , , , ,"25,500,000"
635,House,Wattala,29.5,5,5,4200 sq.ft.,Nirosha Guneratne,+94 740 911 140,"60,000,000"
636,House, , , , , , , ,"60,000,000"
637,House,"Attidiya, Dehiwala",8,4,2,1200 sq.ft.,Mark,+94 775 201 107,"21,000,000"
638,House,"Lakshapathiya, Katubedda",12.15,4,4,3000 sq.ft.,Mark,+94 775 201 107,"58,900,000"
639,House,"Lakshapathiya , Katubedda",9.87,5+,4,3500 sq.ft.,Mark,+94 775 201 107,"45,000,000"
640,House,"Gonamaditha , Piliyandala",25,4,1,2000 sq.ft.,Mark,+94 775 201 107,"18,000,000"
641,House,"Kadawatha Road, Dehiwala",6.23,2,3,1696 sq.ft.,Mark,+94 775 201 107,"26,000,000"
642,House,"New Airport Road, Rathmalana",6,2,2,1500 sq.ft.,Mark,+94 775 201 107,"18,000,000"
643,House,Attidiya,10,5,URGENT,Age of Building 25 + years,Mark,+94 775 201 107,"23,500,000"
644,House,"Lake Drive, Colombo 8",15.5,4,4,4250 sq.ft.,Sharmz Delile,+94 778 887 373,"160,000,000"
645,House, , , , , , , ,"160,000,000"
646,House,Nugegoda,26.45,5,4,3500 sq.ft.,S C Guna,+94 774 074 138,"120,000,000"
647,House,Colombo 6,6.38,5,3,1 Car parking space,Nisan,+44 781 510 000,"80,000,000"
648,House,"Akuregoda, Pelawatte",10,5,5,2 Car parking spaces,Rodrigo Realtors (Pvt) Ltd,+94 775 255 101,"40,000,000"
649,House,Divulapitiya,17.4,4,1,1500 sq.ft.,Sarasi Lands Pvt Ltd,+94 710 347 000,"8,000,000"
650,House,Jayawardhanapura,12,4,2,5 Car parking spaces,Rodrigo Realtors (Pvt) Ltd,+94 775 255 100,"35,000,000"
651,House, , , , , , , ,"35,000,000"
652,House, , , , , , , ,"35,000,000"
653,House, , , , , , , ,"35,000,000"
654,House,Battaramulla,18,4,7,2 Car parking spaces,Rodrigo Realtors (Pvt) Ltd,+94 775 255 101,"45,000,000"
655,House,"Samagi Mawatha, Mathara walgama",16.7,5,3,5000 sq.ft.,Prasanna,+94 770 505 924,"12,000,000"
656,House,"Gonawatta road, Malabe",14,5+,3,3000 sq.ft.,Manoj serasinghe,+94 777 720 453,"22,500,000"
657,House,Mattegoda Housing Scheme,3.5,4,2,1000 sq.ft.,AGA Holdings (Pvt) Ltd,+94 773 868 888,"6,500,000"
658,House,"horana - coiombo bus road (120), Kesbewa",7.5,3,2,1250 sq.ft.,lalith,+94 779 252 135,"12,300,000"
659,House,"111 Poogalla Estate, Kithalawa, Kuliyapitiya",135,5+,3,5000 sq.ft.,Upul Wasala,+61 412 762 273,"49,900,000"
660,House,"Thalahena, Malabe",7.8,3,3,1500 sq.ft.,Grit Property,+94 765 577 752,"24,000,000"
661,House,"Kuruppu Road, Colombo 8",8,4,3,3000 sq.ft.,Senanayake,+94 773 411 335,"68,500,000"
662,House,"Kalalgoda Road, Kalalgoda, Thalawathugoda",122.5,5+,7,10900 sq.ft.,Straight Sale (Pvt) Ltd,+94 775 300 048,"500,000,000"
663,House,"Off Castle Street, Colombo 8",10.4,3,2,2817 sq.ft.,Straight Sale (Pvt) Ltd,+94 775 300 048,"98,000,000"
664,House,"Himbutana Road, Thalahena",23,5+,6,6000 sq.ft.,Colombo Realty Partners,+94 775 300 048,"97,500,000"
665,House,"Polwatta Road, Pannipitiya, Thalawathugoda",15,3,2,2700 sq.ft.,Straight Sale (Pvt) Ltd,+94 775 300 048,"34,500,000"
666,House,"14th Lane, Wickramasinghepura, Battaramulla",20.5,4,3,2900 sq.ft.,Straight Sale (Pvt) Ltd,+94 775 300 048,"48,500,000"
667,House,"Hokandara Road, Thalawathugoda",11.75,4,3,3800 sq.ft.,Straight Sale (Pvt) Ltd,+94 775 300 048,"37,000,000"
668,House,"Thalangama North, Malabe",10,5,4,4000 sq.ft.,Straight Sale (Pvt) Ltd,+94 775 300 048,"48,500,000"
669,House,"Murin De Silva Mawatha, Ekwatta Road, Mirihana, Nugegoda",26.85,4,3,2600 sq.ft.,Straight Sale (Pvt) Ltd,+94 775 300 048,"64,500,000"
670,House,"Anura Mawatha, Off Anderson Road, Kalubowila",8,3,2,1600 sq.ft.,Straight Sale (Pvt) Ltd,+94 775 300 048,"29,500,000"
671,House,"Hokandara Road, Thalawathugoda",11.75,4,3,3800 sq.ft.,Straight Sale (Pvt) Ltd,+94 775 300 048,"37,000,000"
672,House,"Rohini Road , Colombo 6",14,4,3,3500 sq.ft.,Sweet Homes Property Agents,+94 759 775 777,"125,000,000"
673,House,"Pragathi mawatha , Athurugiriya",15.5,3,2,1327 sq.ft.,Fawaz,+94 759 775 777,"16,500,000"
674,House,"Off Hill Street , Dehiwala",6.25,5,5,3000 sq.ft.,Sweet Homes Property Agents,+94 759 775 777,"45,000,000"
675,House,"Off Station Road, Dehiwala.",2.25,2,2,700 sq.ft.,Sweet Homes Property Agents.,+77 415 437 7,"8,500,000"
676,House, , , , , , , ,"8,500,000"
677,House, , , , , , , ,"8,500,000"
678,House,"Off Parliament Road ,Battaramulla",50,5+,10,20000 sq.ft.,Rukshan Rodrigo,+94 762 929 897,"500,000,000"
679,House,Colombo 5,12,4,4,5000 sq.ft.,Residence Hub,+94 778 887 373,"130,000,000"
680,House,"NEGOMBO timbirigaskatuwa, Negombo",20,3,2,2000 sq.ft.,R M A PAUL,+94 764 871 907,"24,000,000"
681,House, , , , , , , ,"24,000,000"
682,House,"Wikremasinghepura, Battaramulla",20.5,4,3,3500 sq.ft.,Dilan,+94 777 336 375,"49,000,000"
683,House,"Park road, Colombo 5",8.5,5,5,4600 sq.ft.,Dilan,+94 777 336 375,"180,000,000"
684,House,"Weerasekara mawatha, Thalawathugoda",16,5+,5,8000 sq.ft.,Dilan,+94 777 336 375,"120,000,000"
685,House,"Kahantota Road, Malabe",10,4,3,2675 sq.ft.,Dilan,+94 777 336 375,"50,000,000"
686,House,"gamunupura 1 lane, Malabe",10,2,1,1200 sq.ft.,chathuranga,+94 719 091 099,"10,500,000"
687,House,"Gunnapana , Kandy",30,4,2,1600 sq.ft.,Kandy property sales,+94 777 770 431,"15,000,000"
688,House,Rajagiriya Road,19.2,5,4,4500 sq.ft.,Mevanda,+94 776 638 723,"110,000,000"
689,House, , , , , , , ,"110,000,000"
690,House,"Horton Place, Colombo 7",23.5,4,3,6 Car parking spaces,Mevanda,+94 776 638 723,"423,000,000"
691,House,"Pathiregoda Road, Navinna",20,4,2,2500 sq.ft.,Rodrigo Realtors (Pvt) Ltd,+94 775 255 101,"30,000,000"
692,House,"samagi mawatha -cambridge courts, Thalawathugoda",10,4,3,2800 sq.ft.,INDIKA,+94 777 747 315,"38,000,000"
693,House,Colombo 3,21.15,5+,6,5000 sq.ft.,Expatkey Properties (Agent),+94 773 541 890,"350,000,000"
694,House,Malabe,10.1,4,4,2800 sq.ft.,DREAM HOME REAL ESTATE (PVT) LIMITED,+94 775 696 063,"34,000,000"
695,House,Thalawathugoda,7,4,4,3300 sq.ft.,,+94 775 696 063,"38,500,000"
696,House,Thalawathugoda,16,5,5,6000 sq.ft.,DREAM HOME REAL ESTATE (PVT) LIMITED,+94 775 696 063,"120,000,000"
697,House,Thalawathugoda,14.8,5,4,3800 sq.ft.,DREAM HOME REAL ESTATE (PVT) LIMITED,+94 775 696 063,"47,500,000"
698,House,Thalawathugoda,8.7,3,3,2300 sq.ft.,DREAM HOME REAL ESTATE (PVT) LIMITED,+94 775 696 063,"24,000,000"
699,House,Thalawathugoda,8.7,3,3,2300 sq.ft.,DREAM HOME REAL ESTATE (PVT) LIMITED,+94 775 696 063,"24,000,000"
700,House, , , , , , , ,"24,000,000"
701,House,Nugegoda,27,5+,5,7100 sq.ft.,DREAM HOME REAL ESTATE (PVT) LIMITED,+94 775 696 063,"170,000,000"
702,House,Battaramulla,23,5+,6,7000 sq.ft.,DREAM HOME REAL ESTATE (PVT) LIMITED,+94 775 696 063,"97,500,000"
703,House,Pannipitiya,7,4,3,2850 sq.ft.,DREAM HOME REAL ESTATE (PVT) LIMITED,+94 775 181 724,"17,500,000"
704,House,Thalawathugoda,11,5,4,3800 sq.ft.,DREAM HOME REAL ESTATE (PVT) LIMITED,+94 775 696 063,"45,000,000"
705,House,Thalawathugoda,7,4,4,3300 sq.ft.,DREAM HOME REAL ESTATE (PVT) LIMITED,+94 775 696 063,"38,500,000"
706,House,Nugegoda,43,2,1,1 Car parking space,Expatkey Properties (Agent),+94 773 541 890,"11,000,000"
707,House,Raddoluwa,20,5,2,2000 sq.ft.,Rupawathie,+94 776 057 901,"25,000,000"
708,House, , , , , , , ,"25,000,000"
709,House,Colombo 7,30,5+,6,6 Car parking spaces,Expatkey Properties (Agent),+94 773 541 890,"700,000,000"
710,House,"Kumarage wattha, Pelawatte",7.5,4,4,3600 sq.ft.,Uchitha priyadarshana,+94 779 394 849,"38,500,000"
711,House,Galle,34,5+,6,5000 sq.ft.,South Lanka Realty,+94 764 832 988,"35,000,000"
712,House, , , , , , , ,"35,000,000"
713,House, , , , , , , ,"35,000,000"
714,House, , , , , , , ,"35,000,000"
715,House,Mirissa,2.75,5,3,Age of Building 25 + years,South Lanka Realty,+94 764 832 988,"77,941,368"
716,House, , , , , , , ,"77,941,368"
717,House, , , , , , , ,"77,941,368"
718,House, , , , , , , ,"77,941,368"
719,House,"Jayagath road, Nugegoda",20,5,4,4000 sq.ft.,Uchitha priyadarshana,+94 779 394 849,"50,000,000"
720,House,"Bird Park road, Pita Kotte",11.2,4,3,4500 sq.ft.,Uchitha priyadarshana,+94 779 394 849,"65,000,000"
721,House,"Rukmale road, Kottawa",10.5,5,4,3500 sq.ft.,Uchitha priyadarshana,+94 779 394 849,"21,500,000"
722,House,"Udahamulla road, Nugegoda",10,4,3,3100 sq.ft.,Uchitha priyadarshana,+94 779 394 849,"38,000,000"
723,House,"Uthuwankanda Road , Thalawathugoda",20,5,4,4200 sq.ft.,Uchitha priyadarshana,+94 779 394 849,"55,000,000"
724,House,Colombo 7,12.5,5,4,4800 sq.ft.,ACQUEST,+94 779 090 600,"320,000,000"
725,House,"Off Huludagoda Road, Mount Lavinia",7.8,3,2,1231 sq.ft.,Bankajan,+94 774 423 680,"23,500,000"
726,House,"1/15 , VICTORIA RANGE, Digana",10.5,3,3,1100 sq.ft.,Vipula Dharmadasa,+94 777 360 837,"15,000,000"
727,House, , , , , , , ,"15,000,000"
728,House,Malabe,6,3,1,1 Car parking space,sajith,+94 764 043 766,"14,000,000"
729,House,"3rd Lane, Rathmalana",52,1,3,4000 sq.ft.,Mr. Ranjitha Jayasekera,+94 727 745 745,"132,200,000"
730,House,"Subhasadaka Mawatha, Maharagama",16.5,2,1,1000 sq.ft.,Lalith Subasinghe,+94 786 718 101,"19,000,000"
731,House,"1st Lane, Galle",8.9,5,3,2600 sq.ft.,Premarathna,+94 718 686 497,"27,500,000"
732,House,"Shelton Jayasinghe Road (Adi Wist Para), Welisara",24,4,3,4000 sq.ft.,Vindya,+94 777 701 692,"50,000,000"
733,House,105 Iratperiyakulama Vavuniya,25,3,1,6 Car parking spaces,Ranga Abeywickrama,+94 773 360 077,"6,800,000"
734,House,"Batuambe Road, Kandy",16,2,2,2 Car parking spaces,Niranjan Fernando,+94 777 325 106,"14,000,000"
735,House, , , , , , , ,"14,000,000"
736,House,"Private road, Colombo 6",16,4,2,2500 sq.ft.,Palitha Kulasinghe,+94 777 730 850,"9,500,000"
737,House, , , , , , , ,"9,500,000"
738,House,"Mahawatte road arawwala, Pannipitiya",20,5+,8,5000 sq.ft.,Sonali philip,+94 777 321 218,"35,000,000"
739,House, , , , , , , ,"35,000,000"
740,House,"near Jayawardanapura University , Boralesgamuwa",24.5,5+,3,4500 sq.ft.,Kumara Pitigala,+94 760 300 600,"57,000,000"
741,House,"Jothikarama Road, Thalawathugoda",28,5+,4,3000 sq.ft.,Saranath Seneviratne,+94 714 473 540,"62,000,000"
742,House,"Dutugemunu Mawatha, Peliyagoda",2,2,1,800 sq.ft.,Sirisena,+94 771 239 392,"4,500,000"
743,House,"Meemanagoda Road, Thalawathugoda",10,4,3,2650 sq.ft.,Saranath Seneviratne,+94 714 473 540,"31,000,000"
744,House,"Mahwatta Road, Nugegoda",7,4,3,3200 sq.ft.,Saranath Seneviratne,+94 714 473 540,"31,000,000"
745,House,Malabe - Athurugiriya Main Road,8,4,3,2400 sq.ft.,Saranath Seneviratne,+94 761 912 799,"24,500,000"
746,House, , , , , , , ,"24,500,000"
747,House,"Kahanthota, Malabe",8.5,4,3,4150 sq.ft.,Lanka,+94 774 244 488,"31,000,000"
748,House, , , , , , , ,"31,000,000"
749,House,"Woodlands Avenue, Kohuwala",11,3,2,2 Car parking spaces,Niranjan Fernando,+94 777 325 106,"30,000,000"
750,House,"Jubilee Post, Nugegoda",8,3,2,2500 sq.ft.,Aruni,+94 777 759 963,"52,000,000"
751,House,Boralesgamuwa,7.5,3,2,2800 sq.ft.,Mister T,+94 768 557 736,"33,000,000"
752,House,Colombo 7,9,3,3,2000 sq.ft.,Yohan Weerasingha,+94 774 800 623,"180,000,000"
753,House, , , , , , , ,"180,000,000"
754,House, , , , , , , ,"180,000,000"
755,House,Battaramulla,27,4,4,5500 sq.ft.,Expatkey Properties (Agent),+94 773 541 890,advertiser
756,House,"Jambugasmulla Road, Nugegoda",20.5,5,4,4090 sq.ft.,Jeevan,+94 777 435 904,"100,000,000"
757,House,"K.Cyril.C Perera , Colombo 13",8,5,5,2200 sq.ft.,Srimal,+94 779 362 033,"50,000,000"
758,House,Boralesgamuwa,10,4,3,3000 sq.ft.,Mister T,+94 773 252 566,"42,000,000"
759,House, , , , , , , ,"42,000,000"
760,House,Rajagiriya,24,4,4,4500 sq.ft.,Krishantha Bandara,+94 767 610 692,"150,000,000"
761,House,Kundasale Road Kandy,14,3,3,2000 sq.ft.,Krishantha Bandara,+94 767 610 692,"35,000,000"
762,House,"Wimalawatte Road , Nugegoda",18.2,4,3,4000 sq.ft.,Krishantha Bandara,+94 767 610 692,"75,000,000"
763,House,Colombo 3,13.5,4,4,4500 sq.ft.,Krishantha Bandara,+94 767 610 692,"250,000,000"
764,House,"Amaragoda road, Hokandara",64,4,3,4000 sq.ft.,Manoj Serasinghe,+94 777 720 453,"95,000,000"
765,House,"Kalalgoda, Thalawathugoda",12,4,4,4000 sq.ft.,Nuwangi,+94 715 898 334,"70,000,000"
766,House, , , , , , , ,"70,000,000"
767,House,Homagama,6,5,4,3000 sq.ft.,Mister T,+94 764 157 736,"29,500,000"
768,House,"Thimbirigaskatuwa, Negombo",20.0,3,2,2000 sq.ft.,Mr.Sagara,+94 772 529 292,"24,750,000"
769,House,"kandawala, Katana, Negombo",17,3,1,1500 sq.ft.,Mr.Sagara,+94 772 529 292,"14,000,000"
770,House,"Dalupotha, Negombo.",12.5,2,1,1500 sq.ft.,Mr.Sagara,+94 772 529 292,"15,500,000"
771,House,"Akkara 50, Negombo",8.6,2,1,600 sq.ft.,Mr Sagara,+94 772 529 292,"6,500,000"
772,House,Negombo,10,5,3,3000 sq.ft.,Mr.Sagara,+94 772 529 292,"27,500,000"
773,House,"DALUPOTHA NEGOMBO, Negombo",10.5,3,3,1550 sq.ft.,R M A PAUL,+94 764 871 907,"15,000,000"
774,House,Thalawathugoda,16,4,3,2 Car parking spaces,ACQUEST,+94 774 441 266,"69,000,000"
775,House,"DALUPOTHA NEGOMBO, Negombo",12,3,2,1600 sq.ft.,R M A PAUL,+94 764 871 907,"17,000,000"
776,House,"DALUWAKOTUWA NEGOMBO, Negombo",10,3,2,1500 sq.ft.,R M A PAUL,+94 764 871 907,"13,000,000"
777,House, , , , , , , ,"13,000,000"
778,House,"KANDAWALA NEGOMBO, Negombo",20,2,3,2650 sq.ft.,R M A PAUL,+94 764 871 907,"29,500,000"
779,House,"Seeduwa Road, Gampaha",40,4,3,3400 sq.ft.,Wipulasena,+94 777 861 147,"17,700,000"
780,House,"DALUPOTHA NEGOMBO, Negombo",14.5,3,2,1850 sq.ft.,R M A PAUL,+94 764 871 907,"18,500,000"
781,House,Bellanwila,8,5,3,3000 sq.ft.,Shaaan,+94 755 575 933,"28,000,000"
782,House,"NEGOMBO AKKARAPANAHA, Negombo",10,3,2,1650 sq.ft.,R M A PAUL,+94 764 871 907,"20,000,000"
783,House,"Balagolla, Kandy",10,3,2,1350 sq.ft.,ANURA,+94 718 988 172,"9,200,000"
784,House,"Parakumba Place off Athurugiriya Road, Malabe",25,5,3,4000 sq.ft.,AGA Holdings (Pvt) Ltd,+94 773 868 888,"38,500,000"
785,House,Nugegoda,6.5,4,4,1 Car parking space,Supeshala,+94 763 178 484,"45,000,000"
786,House,Ethul Kotte,10,5,3,3000 sq.ft.,Supeshala,+94 763 178 484,"55,000,000"
787,House,Panadura,145,4,3,3000 sq.ft.,Supeshala,+94 763 178 484,"55,000,000"
788,House,Horana,100,3,1,1800 sq.ft.,Supeshala,+94 763 178 484,"30,000,000"
789,House,Battaramulla,17.4,4,4,4000 sq.ft.,Supeshala,+94 763 178 484,"120,000,000"
790,House,"Doluwa - Gampola Road, Peradeniya",40,3,3,2 Car parking spaces,Srima Ratnayake,+94 765 715 120,"25,000,000"
791,House,"Main street, Dehiowita",40,5+,2,3500 sq.ft.,Dhanushka,+94 773 478 038,"43,000,000"
792,House,"Longdon Place, Colombo 7",20,4,3,6400 sq.ft.,Remax Royal Properties,+94 777 556 360,"300,000,000"
793,House, , , , , , , ,"300,000,000"
794,House,Colombo 5,8.5,5,5,4600 sq.ft.,Mister T,+94 768 557 736,"180,000,000"
795,House,Kottawa,19.9,4,4,2094 sq.ft.,Mister T,+94 768 748 192,"34,000,000"
796,House, , , , , , , ,"34,000,000"
797,House, , , , , , , ,"34,000,000"
798,House,Mount Lavinia,3.5,3,1,1000 sq.ft.,Duminda,+94 712 343 979,advertiser
799,House,"Buthgamuwa, Rajagiriya",30,5,4,3660 sq.ft.,Duminda,+94 712 343 979,advertiser
800,House, , , , , , , ,advertiser
801,House,Dehiwala,6,5,3,2268 sq.ft.,Duminda,+94 712 343 979,"37,500,000"
802,House,"Nadagamuwa, Kotugoda",49,4,1,1500 sq.ft.,Mr.Sagara,+94 772 529 292,"11,500,000"
803,House,Kohuwala,9,5+,6,5758 sq.ft.,,+94 712 343 979,"37,500,000"
804,House, , , , , , , ,"37,500,000"
805,House, , , , , , , ,"37,500,000"
806,House, , , , , , , ,"37,500,000"
807,House, , , , , , , ,"37,500,000"
808,House,"Green Path Colombo-3 & 7 Boader, Colombo 3",6.5,4,4,2800 sq.ft.,A Mart Properties,+94 772 335 599,"120,000,000"
809,House,Ambuldeniya Nawinna,10.5,4,4,4100 sq.ft.,Reach Real Estate,+94 772 525 457,"58,500,000"
810,House, , , , , , , ,"58,500,000"
811,House, , , , , , , ,"58,500,000"
812,House,"Rukmalgama  kottawa., Kottawa",7,3,3,2550 sq.ft.,Priyantha,+94 711 335 043,"22,500,000"
813,House, , , , , , , ,"22,500,000"
814,House,"Kahantota Road, Malabe",7,4,3,280 sq.ft.,Dilan,+94 777 336 375,"21,000,000"
815,House,"Batuwandara, Madapaths",19,3,1,1200 sq.ft.,Chaminda Kodikara,+94 712 029 929,"14,000,000"
816,House,"Peiris Avenue , Kalubowila",11.4,3,2,3 Car parking spaces,Imran,+94 776 776 169,"45,000,000"
817,House,"Kakkapalliya, Chilaw",15,3,1,1500 sq.ft.,Perera,+94 777 974 051,"5,000,000"
818,House, , , , , , , ,"5,000,000"
819,House,Pelawatte,30,5+,8,9000 sq.ft.,Impressions Property Management Services,+94 773 508 578,"320,000,000"
820,House, , , , , , , ,"320,000,000"
821,House,"Kumaragewatte Road, Battaramulla",6.4,3,2,2600 sq.ft.,Impressions Property Management Services,+94 773 508 578,"32,000,000"
822,House,Nawala,10,3,2,1 Car parking space,Impressions Property Management Services,+94 773 508 578,"45,000,000"
823,House,"Passara road , Badulla",15.6,5+,3,3200 sq.ft.,Janak,+94 715 329 612,"14,000,000"
824,House,Pelawatte,10.17,5,9,5000 sq.ft.,Impressions Property Management Services,+94 727 268 078,"45,000,000"
825,House, , , , , , , ,"45,000,000"
826,House,Akuregoda,18,4,7,2 Car parking spaces,Impressions Property Management Services,+94 773 508 578,"50,000,000"
827,House,Kosgama,16,5+,2,2880 sq.ft.,Impressions Property Management Services,+94 773 508 578,"32,000,000"
828,House, , , , , , , ,"32,000,000"
829,House,Pita Kotte,20.5,5,4,1 Car parking space,Impressions Property Management Services,+94 773 508 578,"80,000,000"
830,House,Thalawathugoda,13,4,2,5 Car parking spaces,Impressions Property Management Services,+94 773 508 578,"35,000,000"
831,House,Rajagiriya,15,5,4,2 Car parking spaces,Impressions Property Management Services,+94 773 508 578,"150,000,000"
832,House,Kumaragewatta,40,5,4,5500 sq.ft.,Impressions Property Management Services,+94 773 508 578,"145,000,000"
833,House,Pelawatte,22,3,4,5000 sq.ft.,Impressions Property Management Services,+94 727 268 078,"97,000,000"
834,House,Ethul Kotte,9.33,5,2,2 Car parking spaces,Impressions Property Management Services,+94 727 268 078,"45,000,000"
835,House,Mirihana,6,3,2,1500 sq.ft.,Impressions Property Management Services,+94 773 508 578,"30,000,000"
836,House,Thalawathugoda,8,5,4,2500 sq.ft.,Impressions Property Management Services,+94 773 508 578,"30,000,000"
837,House, , , , , , , ,"30,000,000"
838,House,Thalawathugoda,9,5,4,2500 sq.ft.,Impressions Property Management Services,+94 773 508 578,"30,000,000"
839,House,Kiribathgoda,13.25,5+,4,1990 sq.ft.,Impressions Property Management Services,+94 773 508 578,"25,000,000"
840,House, , , , , , , ,"25,000,000"
841,House,"Udugampola, Gampaha",16.5,5,2,4200 sq.ft.,Impressions Property Management Services,+94 773 508 578,"12,000,000"
842,House, , , , , , , ,"12,000,000"
843,House,Panadura road Moratuwa,15,3,3,Age of Building 4 + years,Annesley de Silva,+94 759 872 136,"45,000,000"
844,House,Colombo 5,17,4,4,3800 sq.ft.,Mister T,+94 768 557 736,"85,000,000"
845,House,Piliyandala,10,3,2,3 Car parking spaces,Mr. Pasqual,+94 773 637 424,"9,500,000"
846,House,Arangala,8,3,2,1850 sq.ft.,Mr. Pasqual,+94 773 637 424,"17,000,000"
847,House,Athurugiriya,6,3,3,2 Car parking spaces,Mr. Pasqual,+94 714 407 361,"16,000,000"
848,House,Athurugiriya,12.68,5,4,5500 sq.ft.,Mr. Pasqual,+94 714 407 361,"49,800,000"
849,House,Athurugiriya,12.68,5,4,5500 sq.ft.,Mr. Pasqual,+94 714 407 361,"49,800,000"
850,House,Pelawatte,7.5,4,4,3200 sq.ft.,Mr. Pasqual,+94 773 637 424,"38,500,000"
851,House,Athurugiriya,12.85,5,4,5500 sq.ft.,Mr. Pasqual,+94 773 637 424,"49,800,000"
852,House, , , , , , , ,"49,800,000"
853,House,Bandaragama,12.5,3,3,2350 sq.ft.,Mr. Pasqual,+94 773 637 424,"17,500,000"
854,House, , , , , , , ,"17,500,000"
855,House,Athurugiriya,12.58,5,4,5500 sq.ft.,Mr. Pasqual,+94 773 637 424,"49,800,000"
856,House, , , , , , , ,"49,800,000"
857,House,Athurugiriya,12.68,5,4,5500 sq.ft.,Mr. Pasqual,+94 714 407 361,"49,800,000"
858,House,Athurugiriya,12.85,5,4,5500 sq.ft.,Mr. Pasqual,+94 773 637 424,"49,800,000"
859,House, , , , , , , ,"49,800,000"
860,House, , , , , , , ,"49,800,000"
861,House,Athurugiriya,6,3,3,1850 sq.ft.,Mr. Pasqual,+94 714 407 361,"16,000,000"
862,House, , , , , , , ,"16,000,000"
863,House,Madiwela,77,5+,7,8000 sq.ft.,Ehsan Ventures,+94 777 383 434,"450,000,000"
864,House, , , , , , , ,"450,000,000"
865,House, , , , , , , ,"450,000,000"
866,House,"1st Lane, Pepiliyana Road, Dehiwala",31,3,2,3500 sq.ft.,Rohan Abeywickrama,+94 777 661 111,"60,000,000"
867,House,"Horton Place, Colombo 7",31,5,7,5500 sq.ft.,Trewin Fernando,+94 775 990 539,advertiser
868,House,"Barnes Place , Colombo 7",7.5,5,5,3000 sq.ft.,Trewin Fernando,+94 775 990 539,advertiser
869,House, , , , , , , ,advertiser
870,House,"Madiwela, Nugegoda",33.8,5,3,3100 sq.ft.,Nalin Rajapakse,+94 718 386 495,"85,000,000"
871,House, , , , , , , ,"85,000,000"
872,House,"Swarnananda housing scheme rd, Malabe",15,5,4,4200 sq.ft.,Manoj Serasinghe,+94 777 720 453,"45,000,000"
873,House,"Baranaskanda Road, Kelaniya",11,5,2,2000 sq.ft.,Panduka,+94 779 445 428,"22,500,000"
874,House,"Buddhist Center Road, Kelaniya",7,3,1,1500 sq.ft.,Panduka,+94 779 445 428,"15,500,000"
875,House,Katubedda,8.25,3,2,2800 sq.ft.,owner,+94 777 122 372,"25,500,000"
876,House,Colombo 5,20,3,2,2400 sq.ft.,ACQUEST,+94 774 441 266,"400,000,000"
877,House,"Balagalla, Divulapitiya",16.5,5,3,3500 sq.ft.,Mr.Sagara,+94 772 529 292,"17,000,000"
878,House,"Evergreen Garden, Banduragoda",15,3,1,1200 sq.ft.,Mr.Sagara,+94 772 529 292,"5,800,000"
879,House, , , , , , , ,"5,800,000"
880,House,"Pahala Kadirana,Thimbirigaskatuwa, Negombo",12.5,2,1,1000 sq.ft.,Mr.Sagara,+94 772 529 292,"8,500,000"
881,House,"Thimbirigaskatuwa, Negombo",10,2,1,800 sq.ft.,Mr.Sagara,+94 772 529 292,"5,500,000"
882,House,"Demanhandiya, Katana",13.5,3,1,1200 sq.ft.,Mr.Sagara,+94 772 529 292,"5,000,000"
883,House,"G/3/4, Elvitigala mawatha, Kotikawatta",11,5+,4,3 Car parking spaces,Mister T,+94 763 257 736,"25,000,000"
884,House,"Ramasinghe Mawatha, Kelaniya",84,3,3,5000 sq.ft.,Hardy James - Estate Agency,+94 717 111 777,"175,000,000"
885,House,"Lake Drive, Colombo 8",15.5,4,4,5825 sq.ft.,Hardy James - Estate Agency,+94 717 111 777,"175,000,000"
886,House,Mattegoda,13,4,3,3000 sq.ft.,Hardy James - Estate Agency,+94 717 111 777,"38,000,000"
887,House,"Maligawa Road, Pita Kotte",14,3,3,2000 sq.ft.,Hardy James - Estate Agency,+94 717 111 777,"60,000,000"
888,House,"Kumaragewatta, Battaramulla",12,4,4,3700 sq.ft.,Hardy James - Estate Agency,+94 717 111 777,"55,000,000"
889,House,"Wickramasinghepura, Battaramulla",21,4,3,4000 sq.ft.,Hardy James - Estate Agency,+94 717 111 777,"55,000,000"
890,House,Off Nawala Road,15,3,3,2500 sq.ft.,Hardy James - Estate Agency,+94 717 111 777,"60,000,000"
891,House, , , , , , , ,"60,000,000"
892,House,"Woodland Avenue, Kohuwala",17.5,5+,7,2500 sq.ft.,Bimsara Gamage,+94 777 800 606,"67,000,000"
893,House,"Baddegana, Ethul Kotte",8,5+,6,5600 sq.ft.,Hardy James Estate Agency,+93 717 111 777,"50,000,000"
894,House,"Akuregoda, Battaramulla",56,5+,5,6000 sq.ft.,Hardy James - Estate Agency,+94 717 111 777,"185,000,000"
895,House, , , , , , , ,"185,000,000"
896,House,Nawala,26,5,4,2 Car parking spaces,ACQUEST,+94 774 441 266,"160,000,000"
897,House,"Pallansena South, Kochchikade",12,4,4,2800 sq.ft.,Mr.Sagara,+94 772 529 292,"26,000,000"
898,House, , , , , , , ,"26,000,000"
899,House,"Kotugoda, Ekala",70,3,1,1400 sq.ft.,Mr.Sagara,+94 772 529 292,"14,500,000"
900,House,Ja-Ela,10,2,1,1000 sq.ft.,Mr.Sagara,+94 772 529 292,"5,500,000"
901,House,Colombo 7,9,3,4,2000 sq.ft.,Pushpa Kumara,+94 777 489 990,"170,000,000"
902,House, , , , , , , ,"170,000,000"
903,House, , , , , , , ,"170,000,000"
904,House,Nawala,5.97,3,3,2400 sq.ft.,ACQUEST,+94 765 666 794,"65,000,000"
905,House, , , , , , , ,"65,000,000"
906,House, , , , , , , ,"65,000,000"
907,House, , , , , , , ,"65,000,000"
908,House,Negombo,13.4,4,4,2350 sq.ft.,Mister T,+94 764 157 736,"28,500,000"
909,House,Battaramulla,16,3,3,2 Car parking spaces,Expatkey Properties (Agent),+94 773 541 890,"75,000,000"
910,House,Colombo 5,12,4,3,5500 sq.ft.,Manoj serasinghe,+94 777 720 453,"120,000,000"
911,House, , , , , , , ,"120,000,000"
912,House,"Janatha mawatha , Boralesgamuwa",8,2,1,3 Car parking spaces,Rosan,+94 776 651 769,"17,000,000"
913,House,"Janatha mawatha , Boralesgamuwa",8,2,1,3 Car parking spaces,Rosan,+94 776 651 769,"17,000,000"
914,House,Pita Kotte,18,4,3,3000 sq.ft.,upali,+94 701 696 947,"55,000,000"
915,House,Colombo 6,10,5+,11,6000 sq.ft.,Thushi,+94 775 222 613,"190,000,000"
916,House,"Hokandara road , Thalawathugoda",21,4,4,4800 sq.ft.,Carl Mahesh,+94 775 395 008,"69,000,000"
917,House,Pelawatte,10,5,9,2 Car parking spaces,Mullers Real Estate,+94 776 132 643,"45,000,000"
918,House,"River Place Gardens, Kandy",10,4,5,4500 sq.ft.,,+94 777 005 510,"80,000,000"
919,House,"Kundasale (New Town), Kandy",36,5+,2,6 Car parking spaces,Krishantha,+94 777 778 130,"23,000,000"
920,House,Thalawathugoda,31.4,4,4,5500 sq.ft.,Trewin Fernando,+94 775 990 539,"90,000,000"
921,House,Colombo 4,7.5,4,3,3250 sq.ft.,AR Advertising,+94 773 268 427,"125,000,000"
922,House,"Alexandra Road, Colombo 6",23.8,5,4,4000 sq.ft.,Owner,+94 777 303 686,"200,000,000"
923,House,"Gibert Edirisinghe Mawatha, Pannipitiya",15.25,5+,3,4000 sq.ft.,Mrs. Bandara,+94 710 878 848,"22,000,000"
924,House,Colombo 5,20,3,2,4500 sq.ft.,Mister T,+94 768 557 736,"195,000,000"
925,House,Panadura,11.85,3,2,1527.99 sq.ft.,owner,+94 771 304 433,"23,500,000"
926,House,Ethul Kotte,17.5,5,5,4500 sq.ft.,Exclusive Realtors,+94 776 396 655,"75,000,000"
927,House,Nugegoda,15.5,4,4,5200 sq.ft.,Exclusive Realtors,+94 776 396 655,"155,000,000"
928,House,Galle,170,5+,1,6 Car parking spaces,South Lanka Realty,+94 777 507 207,"81,250,000"
929,House,Battaramulla,18,2,2,3400 sq.ft.,Bimsara Gamage,+94 777 800 606,"55,000,000"
930,House, , , , , , , ,"55,000,000"
931,House,"Off Chandrika Kumaratunge Mw, Malabe",12,4,3,3333 sq.ft.,Matarage Real Estate (Pvt) Ltd,+94 777 703 748,"28,000,000"
932,House,"Pallepola, Matale",1,3,1,1600 sq.ft.,Mrs.Lakshani,+94 779 481 605,"5,500,000"
933,House,Malabe,7,3,2,2000 sq.ft.,Ab Property,+94 712 749 263,"23,000,000"
934,House,"Boyer Road, Diyathalawa",32,4,2,6 Car parking spaces,Sumith,+94 704 334 653,"12,000,000"
935,House,"Hurbor road , Devinuwara",95,1,1,6 Car parking spaces,Jaya,+94 767 267 597,"50,000,000"
936,House,"Kuruppu Road, Colombo 8",6.5,4,4,3000 sq.ft.,Yasith,+94 779 040 518,"70,000,000"
937,House,"Hidellana , Ratnapura",13,4,2,3000 sq.ft.,Kavindu,+94 767 421 484,"17,500,000"
938,House, , , , , , , ,"17,500,000"
939,House, , , , , , , ,"17,500,000"
940,House,Negombo,12,5+,4,5000 sq.ft.,Hansaka,+94 711 202 131,"49,000,000"
941,House,Bandaragama,15.5,4,3,3900 sq.ft.,Hansaka,+94 711 202 131,"17,400,000"
942,House,"Pittugala, Malabe",36,5,4,3659 sq.ft.,Dr Samarakoon,+94 777 357 652,"82,000,000"
943,House,"NEGOMBO AKKARAPANAHA, Negombo",10,3,2,1650 sq.ft.,R M A PAUL,+94 764 871 907,"20,000,000"
944,House,"Wanduramulla Watta, Wanduramulla, Panadura",27,4,2,1600 sq.ft.,SH Properties,+94 713 247 845,"19,000,000"
945,House,"Ebenezer Place, Dehiwala",10,5+,4,2500 sq.ft.,Chandana,+94 777 720 013,"62,000,000"
946,House,"Nadimala, Dehiwala",20,5+,4,4000 sq.ft.,Chintha Danansooriya,+94 777 362 600,"80,000,000"
947,House,"Jambugasmulla Mw, Nugegoda",10,4,2,3000 sq.ft.,Chintha Danansooriya,+94 777 362 600,"35,000,000"
948,House,Seeduwa,13,5,3,5300 sq.ft.,Chintha Danansooriya,+94 777 362 600,"45,000,000"
949,House,"Rajamaha Vihara Road, Pita Kotte",32,5+,5,10000 sq.ft.,Chintha Danansooriya,+94 777 362 600,"265,000,000"
950,House,"Bopitiya, Ja-Ela",5,3,2,2500 sq.ft.,Pramod,+94 750 434 929,"5,800,000"
951,House,"Janatha Mawatha, Boralesgamuwa",8,2,1,3 Car parking spaces,Rosan,+94 776 651 769,"17,000,000"
952,House,Hokandara,15,4,4,3100 sq.ft.,Buddhi,+94 775 647 888,"24,900,000"
953,House,"Jayanthi road , Kandana",100,5,2,3500 sq.ft.,Linea Property,+94 772 382 813,"85,000,000"
954,House,"Akuregoda road, Pelwatta",6,4,4,2600 sq.ft.,Linea Property,+94 707 374 198,"37,500,000"
955,House,Pannipitiya Malabe road,9.50,4,3,2800 sq.ft.,Palitha Kulasinghe,+94 777 363 338,"25,000,000"
